{"v":"5.5.7","meta":{"g":"LottieFiles AE 0.1.20","a":"Ramy Ali","k":"","d":"","tc":"#FFFFFF"},"fr":29.9700012207031,"ip":0,"op":240.0000097754,"w":400,"h":400,"nm":"character 1","ddd":1,"assets":[{"id":"comp_0","layers":[{"ddd":0,"ind":1,"ty":3,"nm":"Null 4","sr":1,"ks":{"o":{"a":0,"k":0,"ix":11},"r":{"a":1,"k":[{"i":{"x":[0.833],"y":[0.833]},"o":{"x":[0.167],"y":[0.167]},"t":0,"s":[5]},{"t":60.0000024438501,"s":[0]}],"ix":10,"x":"var $bm_rt;\n$bm_rt = loopOut('pingpong');"},"p":{"a":0,"k":[299.535,146.422,0],"ix":2},"a":{"a":0,"k":[50,50,0],"ix":1},"s":{"a":0,"k":[100,100,100],"ix":6}},"ao":0,"ip":0,"op":240.0000097754,"st":0,"bm":0},{"ddd":0,"ind":2,"ty":4,"nm":"Layer 42","parent":1,"sr":1,"ks":{"o":{"a":0,"k":100,"ix":11},"r":{"a":0,"k":0,"ix":10},"p":{"a":0,"k":[59.065,44.406,0],"ix":2},"a":{"a":0,"k":[0,0,0],"ix":1},"s":{"a":0,"k":[100,100,100],"ix":6}},"ao":0,"shapes":[{"ty":"gr","it":[{"ind":0,"ty":"sh","ix":1,"ks":{"a":0,"k":{"i":[[0.1,0.7],[-2.3,0.7],[0.6,-0.1],[-0.1,-1.9]],"o":[[-0.1,-2.4],[0.6,-0.2],[-1.8,0.5],[0,0.8]],"v":[[-2.196,2.379],[1.504,-2.821],[1.904,-1.921],[-1.096,2.179]],"c":true},"ix":2},"nm":"Path 1","mn":"ADBE Vector Shape - Group","hd":false},{"ty":"fl","c":{"a":0,"k":[0.011764706112,0,0.278431385756,1],"ix":4},"o":{"a":0,"k":100,"ix":5},"r":1,"bm":0,"nm":"Fill 1","mn":"ADBE Vector Graphic - Fill","hd":false},{"ty":"tr","p":{"a":0,"k":[0,0],"ix":2},"a":{"a":0,"k":[0,0],"ix":1},"s":{"a":0,"k":[100,100],"ix":3},"r":{"a":0,"k":0,"ix":6},"o":{"a":0,"k":100,"ix":7},"sk":{"a":0,"k":0,"ix":4},"sa":{"a":0,"k":0,"ix":5},"nm":"Transform"}],"nm":"Group 1","np":2,"cix":2,"bm":0,"ix":1,"mn":"ADBE Vector Group","hd":false}],"ip":0,"op":240.0000097754,"st":0,"bm":0},{"ddd":0,"ind":3,"ty":4,"nm":"Layer 41","parent":1,"sr":1,"ks":{"o":{"a":0,"k":100,"ix":11},"r":{"a":0,"k":0,"ix":10},"p":{"a":0,"k":[42.224,39.509,0],"ix":2},"a":{"a":0,"k":[0,0,0],"ix":1},"s":{"a":0,"k":[100,100,100],"ix":6}},"ao":0,"shapes":[{"ty":"gr","it":[{"ind":0,"ty":"sh","ix":1,"ks":{"a":0,"k":{"i":[[0,0],[-3.5,-5.8],[-1.7,0.4],[0,0],[-1.3,0.7],[5,-4.3],[3.2,-6.9],[-1.2,-4.1]],"o":[[3,-1.1],[0.9,1.5],[1.6,-0.7],[1.2,-1.7],[3.6,-5.8],[0,0],[-5.7,2.3],[2.2,7]],"v":[[-7.155,7.877],[8.545,4.577],[11.145,6.877],[12.445,4.177],[15.345,0.077],[5.045,-8.623],[-9.255,-4.423],[-15.855,6.377]],"c":true},"ix":2},"nm":"Path 1","mn":"ADBE Vector Shape - Group","hd":false},{"ty":"fl","c":{"a":0,"k":[0.011764706112,0,0.278431385756,1],"ix":4},"o":{"a":0,"k":100,"ix":5},"r":1,"bm":0,"nm":"Fill 1","mn":"ADBE Vector Graphic - Fill","hd":false},{"ty":"tr","p":{"a":0,"k":[0,0],"ix":2},"a":{"a":0,"k":[0,0],"ix":1},"s":{"a":0,"k":[100,100],"ix":3},"r":{"a":0,"k":0,"ix":6},"o":{"a":0,"k":100,"ix":7},"sk":{"a":0,"k":0,"ix":4},"sa":{"a":0,"k":0,"ix":5},"nm":"Transform"}],"nm":"Group 1","np":2,"cix":2,"bm":0,"ix":1,"mn":"ADBE Vector Group","hd":false}],"ip":0,"op":240.0000097754,"st":0,"bm":0},{"ddd":0,"ind":4,"ty":4,"nm":"Layer 40","parent":1,"sr":1,"ks":{"o":{"a":0,"k":100,"ix":11},"r":{"a":0,"k":0,"ix":10},"p":{"a":0,"k":[40.935,56.381,0],"ix":2},"a":{"a":0,"k":[0,0,0],"ix":1},"s":{"a":0,"k":[100,100,100],"ix":6}},"ao":0,"shapes":[{"ty":"gr","it":[{"ind":0,"ty":"sh","ix":1,"ks":{"a":0,"k":{"i":[[0.4,0.5],[0.8,2.1],[-0.2,-0.6],[-1.2,-1.8]],"o":[[-1.3,-1.8],[-0.2,-0.6],[0.7,2],[0.5,0.5]],"v":[[1.135,3.204],[-1.965,-2.696],[-1.065,-3.096],[1.835,2.604]],"c":true},"ix":2},"nm":"Path 1","mn":"ADBE Vector Shape - Group","hd":false},{"ty":"fl","c":{"a":0,"k":[0.011764706112,0,0.278431385756,1],"ix":4},"o":{"a":0,"k":100,"ix":5},"r":1,"bm":0,"nm":"Fill 1","mn":"ADBE Vector Graphic - Fill","hd":false},{"ty":"tr","p":{"a":0,"k":[0,0],"ix":2},"a":{"a":0,"k":[0,0],"ix":1},"s":{"a":0,"k":[100,100],"ix":3},"r":{"a":0,"k":0,"ix":6},"o":{"a":0,"k":100,"ix":7},"sk":{"a":0,"k":0,"ix":4},"sa":{"a":0,"k":0,"ix":5},"nm":"Transform"}],"nm":"Group 1","np":2,"cix":2,"bm":0,"ix":1,"mn":"ADBE Vector Group","hd":false}],"ip":0,"op":240.0000097754,"st":0,"bm":0},{"ddd":0,"ind":5,"ty":4,"nm":"Layer 39","parent":1,"sr":1,"ks":{"o":{"a":0,"k":100,"ix":11},"r":{"a":0,"k":0,"ix":10},"p":{"a":0,"k":[44.469,51.472,0],"ix":2},"a":{"a":0,"k":[0,0,0],"ix":1},"s":{"a":0,"k":[100,100,100],"ix":6}},"ao":0,"shapes":[{"ty":"gr","it":[{"ind":0,"ty":"sh","ix":1,"ks":{"a":0,"k":{"i":[[-0.226,0.504],[0.504,0.226],[0.226,-0.504],[-0.504,-0.226]],"o":[[0.226,-0.504],[-0.504,-0.226],[-0.225,0.504],[0.504,0.226]],"v":[[0.913,0.409],[0.409,-0.913],[-0.913,-0.409],[-0.409,0.913]],"c":true},"ix":2},"nm":"Path 1","mn":"ADBE Vector Shape - Group","hd":false},{"ty":"fl","c":{"a":0,"k":[0.011764706112,0,0.278431385756,1],"ix":4},"o":{"a":0,"k":100,"ix":5},"r":1,"bm":0,"nm":"Fill 1","mn":"ADBE Vector Graphic - Fill","hd":false},{"ty":"tr","p":{"a":0,"k":[0,0],"ix":2},"a":{"a":0,"k":[0,0],"ix":1},"s":{"a":0,"k":[100,100],"ix":3},"r":{"a":0,"k":0,"ix":6},"o":{"a":0,"k":100,"ix":7},"sk":{"a":0,"k":0,"ix":4},"sa":{"a":0,"k":0,"ix":5},"nm":"Transform"}],"nm":"Group 1","np":2,"cix":2,"bm":0,"ix":1,"mn":"ADBE Vector Group","hd":false}],"ip":0,"op":240.0000097754,"st":0,"bm":0},{"ddd":0,"ind":6,"ty":4,"nm":"Layer 38","parent":1,"sr":1,"ks":{"o":{"a":0,"k":100,"ix":11},"r":{"a":0,"k":0,"ix":10},"p":{"a":0,"k":[49.033,50.251,0],"ix":2},"a":{"a":0,"k":[48.568,-103.327,0],"ix":1},"s":{"a":0,"k":[100,100,100],"ix":6}},"ao":0,"shapes":[{"ty":"gr","it":[{"ind":0,"ty":"sh","ix":1,"ks":{"a":0,"k":{"i":[[3.7,0],[2.2,-2],[-3.6,-5.4],[-3.5,-0.2],[-2.6,2.9],[-0.1,3.3],[0,0],[0,0],[0.1,2.6],[1.1,0.6],[1.6,-0.8],[0.6,-0.5],[0,0],[0,0]],"o":[[-2.9,0],[-5.4,5.1],[2.3,3.4],[3.3,0.2],[2.1,-2.3],[0,0],[0,0],[3.3,-1.1],[0,-1.3],[-1.3,-0.8],[-0.5,0.3],[0,0],[0,0],[-2.8,-3.2]],"v":[[44.404,-116.993],[36.504,-113.993],[37.004,-95.493],[46.204,-89.793],[55.204,-93.893],[58.604,-102.593],[58.604,-103.093],[59.104,-103.293],[63.804,-110.293],[62.004,-113.393],[57.404,-113.293],[55.804,-112.193],[55.304,-111.693],[54.804,-112.193]],"c":true},"ix":2},"nm":"Path 1","mn":"ADBE Vector Shape - Group","hd":false},{"ind":1,"ty":"sh","ix":2,"ks":{"a":0,"k":{"i":[[2.6,0],[0.3,0],[2.5,3.7],[-5,4.7],[-5.7,-5.8],[-0.4,0.2],[-1.7,-1],[0,-1.9],[3.8,-1.5],[2.2,-2.5]],"o":[[-0.3,0],[-4,-0.3],[-5.2,-7.7],[5.4,-5.1],[0.4,-0.3],[2.1,-1.1],[1.5,0.9],[0.1,3],[-0.2,3.4],[-3.3,3.7]],"v":[[46.904,-88.193],[46.104,-88.193],[35.804,-94.593],[35.504,-114.993],[55.504,-113.693],[56.804,-114.493],[62.804,-114.593],[65.304,-110.193],[60.004,-101.893],[56.304,-92.793]],"c":true},"ix":2},"nm":"Path 2","mn":"ADBE Vector Shape - Group","hd":false},{"ty":"fl","c":{"a":0,"k":[0.011764706112,0,0.278431385756,1],"ix":4},"o":{"a":0,"k":100,"ix":5},"r":1,"bm":0,"nm":"Fill 1","mn":"ADBE Vector Graphic - Fill","hd":false},{"ty":"tr","p":{"a":0,"k":[0,0],"ix":2},"a":{"a":0,"k":[0,0],"ix":1},"s":{"a":0,"k":[100,100],"ix":3},"r":{"a":0,"k":0,"ix":6},"o":{"a":0,"k":100,"ix":7},"sk":{"a":0,"k":0,"ix":4},"sa":{"a":0,"k":0,"ix":5},"nm":"Transform"}],"nm":"Group 1","np":3,"cix":2,"bm":0,"ix":1,"mn":"ADBE Vector Group","hd":false}],"ip":0,"op":240.0000097754,"st":0,"bm":0},{"ddd":0,"ind":7,"ty":4,"nm":"Layer 37","parent":1,"sr":1,"ks":{"o":{"a":0,"k":100,"ix":11},"r":{"a":0,"k":0,"ix":10},"p":{"a":0,"k":[48.245,60.491,0],"ix":2},"a":{"a":0,"k":[47.78,-93.087,0],"ix":1},"s":{"a":0,"k":[100,100,100],"ix":6}},"ao":0,"shapes":[{"ty":"gr","it":[{"ind":0,"ty":"sh","ix":1,"ks":{"a":0,"k":{"i":[[0,0],[-1.087,1.824],[0,0],[1.392,0.07]],"o":[[1.887,0.095],[0,0],[-0.971,1.631],[0,0]],"v":[[45.694,-91.269],[50.27,-94.156],[49.41,-94.667],[45.744,-92.267]],"c":true},"ix":2},"nm":"Path 1","mn":"ADBE Vector Shape - Group","hd":false},{"ind":1,"ty":"sh","ix":2,"ks":{"a":0,"k":{"i":[[0,0],[0.237,0.141],[0.142,-0.237]],"o":[[0.141,-0.237],[-0.237,-0.141],[0,0]],"v":[[50.27,-94.156],[50.096,-94.841],[49.41,-94.667]],"c":true},"ix":2},"nm":"Path 2","mn":"ADBE Vector Shape - Group","hd":false},{"ind":2,"ty":"sh","ix":3,"ks":{"a":0,"k":{"i":[[0,0],[0.014,-0.276],[-0.276,-0.014]],"o":[[-0.275,-0.014],[-0.014,0.276],[0,0]],"v":[[45.744,-92.267],[45.22,-91.793],[45.694,-91.269]],"c":true},"ix":2},"nm":"Path 3","mn":"ADBE Vector Shape - Group","hd":false},{"ty":"fl","c":{"a":0,"k":[0.011764706112,0,0.278431385756,1],"ix":4},"o":{"a":0,"k":100,"ix":5},"r":1,"bm":0,"nm":"Fill 1","mn":"ADBE Vector Graphic - Fill","hd":false},{"ty":"tr","p":{"a":0,"k":[0,0],"ix":2},"a":{"a":0,"k":[0,0],"ix":1},"s":{"a":0,"k":[100,100],"ix":3},"r":{"a":0,"k":0,"ix":6},"o":{"a":0,"k":100,"ix":7},"sk":{"a":0,"k":0,"ix":4},"sa":{"a":0,"k":0,"ix":5},"nm":"Transform"}],"nm":"Group 1","np":4,"cix":2,"bm":0,"ix":1,"mn":"ADBE Vector Group","hd":false}],"ip":0,"op":240.0000097754,"st":0,"bm":0},{"ddd":0,"ind":8,"ty":4,"nm":"Layer 36","parent":1,"sr":1,"ks":{"o":{"a":0,"k":100,"ix":11},"r":{"a":0,"k":0,"ix":10},"p":{"a":0,"k":[49.009,50.164,0],"ix":2},"a":{"a":0,"k":[0,0,0],"ix":1},"s":{"a":0,"k":[100,100,100],"ix":6}},"ao":0,"shapes":[{"ty":"gr","it":[{"ind":0,"ty":"sh","ix":1,"ks":{"a":0,"k":{"i":[[0.1,3.1],[3.9,-1.9],[0.6,-0.5],[0.1,0.1],[5.2,-4.9],[-4.4,-6.7],[-6.8,7.5],[-0.1,3.4]],"o":[[-0.1,-3.5],[-0.6,0.3],[0,0],[-5.5,-5.8],[-5.2,4.9],[4.1,6],[2.2,-2.5],[3.7,-1.1]],"v":[[16.06,-6.878],[8.56,-10.578],[6.86,-9.378],[6.76,-9.478],[-12.64,-11.178],[-12.24,8.322],[7.16,10.022],[10.76,0.822]],"c":true},"ix":2},"nm":"Path 1","mn":"ADBE Vector Shape - Group","hd":false},{"ty":"fl","c":{"a":0,"k":[1,1,1,1],"ix":4},"o":{"a":0,"k":100,"ix":5},"r":1,"bm":0,"nm":"Fill 1","mn":"ADBE Vector Graphic - Fill","hd":false},{"ty":"tr","p":{"a":0,"k":[0,0],"ix":2},"a":{"a":0,"k":[0,0],"ix":1},"s":{"a":0,"k":[100,100],"ix":3},"r":{"a":0,"k":0,"ix":6},"o":{"a":0,"k":100,"ix":7},"sk":{"a":0,"k":0,"ix":4},"sa":{"a":0,"k":0,"ix":5},"nm":"Transform"}],"nm":"Group 1","np":2,"cix":2,"bm":0,"ix":1,"mn":"ADBE Vector Group","hd":false}],"ip":0,"op":240.0000097754,"st":0,"bm":0},{"ddd":0,"ind":9,"ty":3,"nm":"Null 5","sr":1,"ks":{"o":{"a":0,"k":0,"ix":11},"r":{"a":1,"k":[{"i":{"x":[0.833],"y":[0.833]},"o":{"x":[0.167],"y":[0.167]},"t":0,"s":[0]},{"t":60.0000024438501,"s":[-7]}],"ix":10,"x":"var $bm_rt;\n$bm_rt = loopOut('pingpong');"},"p":{"a":0,"k":[331.5,165.5,0],"ix":2},"a":{"a":0,"k":[50,50,0],"ix":1},"s":{"a":0,"k":[18,18,100],"ix":6}},"ao":0,"ip":0,"op":240.0000097754,"st":0,"bm":0},{"ddd":0,"ind":10,"ty":4,"nm":"Layer 35","parent":9,"sr":1,"ks":{"o":{"a":0,"k":100,"ix":11},"r":{"a":0,"k":0,"ix":10},"p":{"a":0,"k":[71.827,148.842,0],"ix":2},"a":{"a":0,"k":[0,0,0],"ix":1},"s":{"a":0,"k":[555.556,555.556,100],"ix":6}},"ao":0,"shapes":[{"ty":"gr","it":[{"ind":0,"ty":"sh","ix":1,"ks":{"a":0,"k":{"i":[[0.2,0],[0.1,0.2],[0.1,0],[-0.4,0.2],[-0.2,-0.4],[-5.2,-7],[0.3,-0.3]],"o":[[-0.2,0],[-5.3,-7],[-0.2,-0.3],[0.3,-0.2],[0,0],[0.3,0.3],[-0.1,-0.1]],"v":[[3.875,5.916],[3.275,5.616],[-4.425,-4.784],[-4.225,-5.784],[-3.225,-5.584],[4.375,4.816],[4.275,5.916]],"c":true},"ix":2},"nm":"Path 1","mn":"ADBE Vector Shape - Group","hd":false},{"ty":"fl","c":{"a":0,"k":[0.011764706112,0,0.278431385756,1],"ix":4},"o":{"a":0,"k":100,"ix":5},"r":1,"bm":0,"nm":"Fill 1","mn":"ADBE Vector Graphic - Fill","hd":false},{"ty":"tr","p":{"a":0,"k":[0,0],"ix":2},"a":{"a":0,"k":[0,0],"ix":1},"s":{"a":0,"k":[100,100],"ix":3},"r":{"a":0,"k":0,"ix":6},"o":{"a":0,"k":100,"ix":7},"sk":{"a":0,"k":0,"ix":4},"sa":{"a":0,"k":0,"ix":5},"nm":"Transform"}],"nm":"Group 1","np":2,"cix":2,"bm":0,"ix":1,"mn":"ADBE Vector Group","hd":false}],"ip":0,"op":240.0000097754,"st":0,"bm":0},{"ddd":0,"ind":11,"ty":4,"nm":"Layer 34","parent":9,"sr":1,"ks":{"o":{"a":0,"k":100,"ix":11},"r":{"a":0,"k":0,"ix":10},"p":{"a":0,"k":[318.261,543.358,0],"ix":2},"a":{"a":0,"k":[0,0,0],"ix":1},"s":{"a":0,"k":[555.556,555.556,100],"ix":6}},"ao":0,"shapes":[{"ty":"gr","it":[{"ind":0,"ty":"sh","ix":1,"ks":{"a":0,"k":{"i":[[0.9,3.5],[-0.1,-0.7],[0.3,-3.5],[-0.1,0.6]],"o":[[-0.2,-0.6],[0.9,3.4],[-0.1,0.6],[0.4,-3.7]],"v":[[0.017,-5.397],[-0.983,-5.097],[-0.183,5.303],[0.817,5.303]],"c":true},"ix":2},"nm":"Path 1","mn":"ADBE Vector Shape - Group","hd":false},{"ty":"fl","c":{"a":0,"k":[0.011764706112,0,0.278431385756,1],"ix":4},"o":{"a":0,"k":100,"ix":5},"r":1,"bm":0,"nm":"Fill 1","mn":"ADBE Vector Graphic - Fill","hd":false},{"ty":"tr","p":{"a":0,"k":[0,0],"ix":2},"a":{"a":0,"k":[0,0],"ix":1},"s":{"a":0,"k":[100,100],"ix":3},"r":{"a":0,"k":0,"ix":6},"o":{"a":0,"k":100,"ix":7},"sk":{"a":0,"k":0,"ix":4},"sa":{"a":0,"k":0,"ix":5},"nm":"Transform"}],"nm":"Group 1","np":2,"cix":2,"bm":0,"ix":1,"mn":"ADBE Vector Group","hd":false}],"ip":0,"op":240.0000097754,"st":0,"bm":0},{"ddd":0,"ind":12,"ty":4,"nm":"Layer 33","parent":9,"sr":1,"ks":{"o":{"a":0,"k":100,"ix":11},"r":{"a":0,"k":0,"ix":10},"p":{"a":0,"k":[284.682,550.58,0],"ix":2},"a":{"a":0,"k":[0,0,0],"ix":1},"s":{"a":0,"k":[555.556,555.556,100],"ix":6}},"ao":0,"shapes":[{"ty":"gr","it":[{"ind":0,"ty":"sh","ix":1,"ks":{"a":0,"k":{"i":[[1.1,3.4],[-0.2,-0.7],[0.5,-3.4],[-0.1,0.6]],"o":[[-0.2,-0.6],[1,3.3],[-0.1,0.6],[0.6,-3.5]],"v":[[-0.039,-5.197],[-1.039,-4.897],[-0.239,5.103],[0.761,5.103]],"c":true},"ix":2},"nm":"Path 1","mn":"ADBE Vector Shape - Group","hd":false},{"ty":"fl","c":{"a":0,"k":[0.011764706112,0,0.278431385756,1],"ix":4},"o":{"a":0,"k":100,"ix":5},"r":1,"bm":0,"nm":"Fill 1","mn":"ADBE Vector Graphic - Fill","hd":false},{"ty":"tr","p":{"a":0,"k":[0,0],"ix":2},"a":{"a":0,"k":[0,0],"ix":1},"s":{"a":0,"k":[100,100],"ix":3},"r":{"a":0,"k":0,"ix":6},"o":{"a":0,"k":100,"ix":7},"sk":{"a":0,"k":0,"ix":4},"sa":{"a":0,"k":0,"ix":5},"nm":"Transform"}],"nm":"Group 1","np":2,"cix":2,"bm":0,"ix":1,"mn":"ADBE Vector Group","hd":false}],"ip":0,"op":240.0000097754,"st":0,"bm":0},{"ddd":0,"ind":13,"ty":4,"nm":"Layer 32","parent":9,"sr":1,"ks":{"o":{"a":0,"k":100,"ix":11},"r":{"a":0,"k":0,"ix":10},"p":{"a":0,"k":[70.856,94.862,0],"ix":2},"a":{"a":0,"k":[85.254,-76.425,0],"ix":1},"s":{"a":0,"k":[555.556,555.556,100],"ix":6}},"ao":0,"shapes":[{"ty":"gr","it":[{"ind":0,"ty":"sh","ix":1,"ks":{"a":0,"k":{"i":[[18.4,-5.1],[-10.4,-12.7],[-2.1,1.6],[-2.6,2.2],[-0.5,0.5]],"o":[[3.8,4.1],[2.7,-1.9],[2.8,-2.1],[0.5,-0.5],[-10.7,-13.7]],"v":[[62.204,-93.093],[92.304,-59.093],[99.304,-64.093],[107.404,-70.693],[109.004,-72.093]],"c":true},"ix":2},"nm":"Path 1","mn":"ADBE Vector Shape - Group","hd":false},{"ind":1,"ty":"sh","ix":2,"ks":{"a":0,"k":{"i":[[0,0],[0,0],[0.2,0.2],[0,0],[0,0],[-14.3,-18.6],[0,0],[0,0],[0.8,-0.6],[2.8,-2.1],[3,-2]],"o":[[0,0],[-11.7,-14.4],[0,0],[0,0],[16.5,-5.3],[0,0],[0,0],[-0.7,0.6],[-2.6,2.3],[-2.2,1.7],[0,0]],"v":[[92.004,-57.093],[91.604,-57.593],[60.304,-92.893],[59.504,-93.793],[60.604,-94.193],[110.604,-72.493],[111.004,-71.893],[110.504,-71.393],[108.304,-69.593],[100.104,-62.893],[92.504,-57.493]],"c":true},"ix":2},"nm":"Path 2","mn":"ADBE Vector Shape - Group","hd":false},{"ty":"fl","c":{"a":0,"k":[0.007843137719,0.835294127464,0.705882370472,1],"ix":4},"o":{"a":0,"k":100,"ix":5},"r":1,"bm":0,"nm":"Fill 1","mn":"ADBE Vector Graphic - Fill","hd":false},{"ty":"tr","p":{"a":0,"k":[0,0],"ix":2},"a":{"a":0,"k":[0,0],"ix":1},"s":{"a":0,"k":[100,100],"ix":3},"r":{"a":0,"k":0,"ix":6},"o":{"a":0,"k":100,"ix":7},"sk":{"a":0,"k":0,"ix":4},"sa":{"a":0,"k":0,"ix":5},"nm":"Transform"}],"nm":"Group 1","np":3,"cix":2,"bm":0,"ix":1,"mn":"ADBE Vector Group","hd":false}],"ip":0,"op":240.0000097754,"st":0,"bm":0},{"ddd":0,"ind":14,"ty":4,"nm":"Layer 31","parent":9,"sr":1,"ks":{"o":{"a":0,"k":100,"ix":11},"r":{"a":0,"k":0,"ix":10},"p":{"a":0,"k":[71.689,93.798,0],"ix":2},"a":{"a":0,"k":[0,0,0],"ix":1},"s":{"a":0,"k":[555.556,555.556,100],"ix":6}},"ao":0,"shapes":[{"ty":"gr","it":[{"ind":0,"ty":"sh","ix":1,"ks":{"a":0,"k":{"i":[[-2.5,1.8],[-3.4,2.9],[18,-5.7],[-11.8,-14.6]],"o":[[3.6,-2.7],[-12.6,-16.5],[0,0],[2.6,-1.7]],"v":[[14.3,13.123],[24.6,4.623],[-24.6,-16.877],[6.7,18.423]],"c":true},"ix":2},"nm":"Path 1","mn":"ADBE Vector Shape - Group","hd":false},{"ty":"fl","c":{"a":0,"k":[0.007843137719,0.835294127464,0.705882370472,1],"ix":4},"o":{"a":0,"k":100,"ix":5},"r":1,"bm":0,"nm":"Fill 1","mn":"ADBE Vector Graphic - Fill","hd":false},{"ty":"tr","p":{"a":0,"k":[0,0],"ix":2},"a":{"a":0,"k":[0,0],"ix":1},"s":{"a":0,"k":[100,100],"ix":3},"r":{"a":0,"k":0,"ix":6},"o":{"a":0,"k":100,"ix":7},"sk":{"a":0,"k":0,"ix":4},"sa":{"a":0,"k":0,"ix":5},"nm":"Transform"}],"nm":"Group 1","np":2,"cix":2,"bm":0,"ix":1,"mn":"ADBE Vector Group","hd":false}],"ip":0,"op":240.0000097754,"st":0,"bm":0},{"ddd":0,"ind":15,"ty":4,"nm":"Layer 30","parent":9,"sr":1,"ks":{"o":{"a":0,"k":100,"ix":11},"r":{"a":0,"k":0,"ix":10},"p":{"a":0,"k":[143.321,292.544,0],"ix":2},"a":{"a":0,"k":[98.298,-40.842,0],"ix":1},"s":{"a":0,"k":[555.556,555.556,100],"ix":6}},"ao":0,"shapes":[{"ty":"gr","it":[{"ind":0,"ty":"sh","ix":1,"ks":{"a":0,"k":{"i":[[0,0],[0,0],[-1.4,-1.1],[0,0.1],[0,0],[0,0],[0,0],[0,0],[0,0],[-0.8,1.4],[16.5,41.5],[23.7,-6.6],[-9.5,-12.6],[-5.9,-21.2],[0,0],[0,0],[-1.2,-1.4],[-0.4,0.3],[0,1.4],[0,0]],"o":[[0,0],[0.5,3.1],[1.8,1.4],[0,0],[0,0],[2.4,1.1],[0,0],[0,0],[1.7,-0.1],[2.9,-4.7],[-10.1,-25.4],[4.4,4.7],[5.7,7.6],[0,0],[0,0],[-6.1,6.6],[0.5,0.1],[1.6,-1.1],[0,0],[0,0]],"v":[[117.404,2.107],[117.604,3.707],[120.104,12.207],[123.804,11.407],[124.204,11.007],[124.704,11.207],[129.704,10.507],[129.904,10.407],[130.104,10.407],[133.904,8.107],[120.304,-52.393],[62.204,-92.993],[96.704,-53.493],[114.204,-10.093],[114.304,-9.693],[114.004,-9.393],[111.104,10.907],[112.304,10.707],[114.504,4.007],[114.504,3.607]],"c":true},"ix":2},"nm":"Path 1","mn":"ADBE Vector Shape - Group","hd":false},{"ind":1,"ty":"sh","ix":2,"ks":{"a":0,"k":{"i":[[1.3,0],[0.7,0.6],[0.5,3.5],[0,0],[2.2,-1.5],[0.9,0.3],[0.5,2.1],[-5.5,6.3],[5.6,7.4],[0.2,0.2],[0,0],[0,0],[-10.5,-26.4],[4.5,-7.2],[2.1,-0.2],[2.6,0.9]],"o":[[-0.7,0],[-1.7,-1.4],[0,0],[-0.1,1.5],[-0.8,0.5],[-0.4,-0.1],[-0.9,-3.4],[-5.8,-20.8],[-10.6,-14.1],[0,0],[0,0],[24.9,-7.9],[13.5,33.9],[-1.1,1.7],[-0.7,0.4],[-0.9,0.8]],"v":[[121.404,14.107],[119.204,13.307],[116.304,4.507],[116.104,4.607],[113.204,12.007],[110.604,12.307],[109.104,9.607],[112.704,-10.093],[95.604,-52.593],[60.404,-92.893],[59.604,-93.793],[60.704,-94.193],[121.804,-53.093],[135.304,8.807],[130.504,11.707],[124.704,12.607]],"c":true},"ix":2},"nm":"Path 2","mn":"ADBE Vector Shape - Group","hd":false},{"ty":"fl","c":{"a":0,"k":[0.011764706112,0,0.278431385756,1],"ix":4},"o":{"a":0,"k":100,"ix":5},"r":1,"bm":0,"nm":"Fill 1","mn":"ADBE Vector Graphic - Fill","hd":false},{"ty":"tr","p":{"a":0,"k":[0,0],"ix":2},"a":{"a":0,"k":[0,0],"ix":1},"s":{"a":0,"k":[100,100],"ix":3},"r":{"a":0,"k":0,"ix":6},"o":{"a":0,"k":100,"ix":7},"sk":{"a":0,"k":0,"ix":4},"sa":{"a":0,"k":0,"ix":5},"nm":"Transform"}],"nm":"Group 1","np":3,"cix":2,"bm":0,"ix":1,"mn":"ADBE Vector Group","hd":false}],"ip":0,"op":240.0000097754,"st":0,"bm":0},{"ddd":0,"ind":16,"ty":4,"nm":"Layer 29","parent":9,"sr":1,"ks":{"o":{"a":0,"k":100,"ix":11},"r":{"a":0,"k":0,"ix":10},"p":{"a":0,"k":[144.376,292.325,0],"ix":2},"a":{"a":0,"k":[0,0,0],"ix":1},"s":{"a":0,"k":[555.556,555.556,100],"ix":6}},"ao":0,"shapes":[{"ty":"gr","it":[{"ind":0,"ty":"sh","ix":1,"ks":{"a":0,"k":{"i":[[10.3,26],[24.4,-7.7],[-10.8,-14.3],[-3.4,-12.2],[-1.4,-0.4],[0,0],[0,0],[-1.6,-1.3],[0,0],[0,0]],"o":[[-10.3,-26],[0,0],[7.7,10.2],[-6.6,7.2],[4,1.3],[0,0],[0.6,3.6],[2.4,1.9],[2.9,1.3],[13.6,-0.9]],"v":[[22.516,-11.911],[-37.684,-52.611],[-2.384,-12.211],[15.016,30.988],[12.316,52.388],[16.816,44.888],[18.316,44.088],[21.116,53.488],[25.916,52.588],[31.716,51.788]],"c":true},"ix":2},"nm":"Path 1","mn":"ADBE Vector Shape - Group","hd":false},{"ty":"fl","c":{"a":0,"k":[1,1,1,1],"ix":4},"o":{"a":0,"k":100,"ix":5},"r":1,"bm":0,"nm":"Fill 1","mn":"ADBE Vector Graphic - Fill","hd":false},{"ty":"tr","p":{"a":0,"k":[0,0],"ix":2},"a":{"a":0,"k":[0,0],"ix":1},"s":{"a":0,"k":[100,100],"ix":3},"r":{"a":0,"k":0,"ix":6},"o":{"a":0,"k":100,"ix":7},"sk":{"a":0,"k":0,"ix":4},"sa":{"a":0,"k":0,"ix":5},"nm":"Transform"}],"nm":"Group 1","np":2,"cix":2,"bm":0,"ix":1,"mn":"ADBE Vector Group","hd":false}],"ip":0,"op":240.0000097754,"st":0,"bm":0},{"ddd":0,"ind":17,"ty":4,"nm":"Layer 28","sr":1,"ks":{"o":{"a":0,"k":100,"ix":11},"r":{"a":0,"k":0,"ix":10},"p":{"a":0,"k":[328.871,193.91,0],"ix":2},"a":{"a":0,"k":[78.871,-56.09,0],"ix":1},"s":{"a":0,"k":[100,100,100],"ix":6}},"ao":0,"shapes":[{"ty":"gr","it":[{"ind":0,"ty":"sh","ix":1,"ks":{"a":0,"k":{"i":[[3.2,0],[2,-0.7],[-2.2,-29],[0.1,-2.9],[0,0],[20.6,11.3]],"o":[[-2,0],[-9.7,3.3],[1.8,23.8],[0,0],[-1.7,-6.6],[-3.1,-1.7]],"v":[[67.104,-93.793],[61.104,-92.793],[46.304,-55.693],[48.104,-18.593],[111.404,-27.593],[76.504,-91.193]],"c":true},"ix":2},"nm":"Path 1","mn":"ADBE Vector Shape - Group","hd":false},{"ind":1,"ty":"sh","ix":2,"ks":{"a":0,"k":{"i":[[0,0],[0,0],[2.1,28.6],[-10,3.4],[0,0],[0,0],[-5.4,-2.9],[-0.5,-2.2],[0,0]],"o":[[0,0],[0,-0.1],[-2.2,-30],[0,0],[0,0],[5.6,-1.9],[22.7,12.5],[0,0],[0,0]],"v":[[46.604,-16.893],[46.604,-17.793],[44.804,-55.593],[60.604,-94.193],[60.804,-93.493],[60.604,-94.193],[77.204,-92.593],[113.104,-27.193],[113.304,-26.393]],"c":true},"ix":2},"nm":"Path 2","mn":"ADBE Vector Shape - Group","hd":false},{"ty":"fl","c":{"a":0,"k":[0.007843137719,0.835294127464,0.705882370472,1],"ix":4},"o":{"a":0,"k":100,"ix":5},"r":1,"bm":0,"nm":"Fill 1","mn":"ADBE Vector Graphic - Fill","hd":false},{"ty":"tr","p":{"a":0,"k":[0,0],"ix":2},"a":{"a":0,"k":[0,0],"ix":1},"s":{"a":0,"k":[100,100],"ix":3},"r":{"a":0,"k":0,"ix":6},"o":{"a":0,"k":100,"ix":7},"sk":{"a":0,"k":0,"ix":4},"sa":{"a":0,"k":0,"ix":5},"nm":"Transform"}],"nm":"Group 1","np":3,"cix":2,"bm":0,"ix":1,"mn":"ADBE Vector Group","hd":false}],"ip":0,"op":240.0000097754,"st":0,"bm":0},{"ddd":0,"ind":18,"ty":4,"nm":"Layer 27","sr":1,"ks":{"o":{"a":0,"k":100,"ix":11},"r":{"a":0,"k":0,"ix":10},"p":{"a":0,"k":[328.709,193.831,0],"ix":2},"a":{"a":0,"k":[0,0,0],"ix":1},"s":{"a":0,"k":[100,100,100],"ix":6}},"ao":0,"shapes":[{"ty":"gr","it":[{"ind":0,"ty":"sh","ix":1,"ks":{"a":0,"k":{"i":[[32.6,-10.9],[-2.2,-29],[0,0],[0,0]],"o":[[-10.1,3.4],[2.2,29],[0,0],[0,0]],"v":[[-17.905,-37.324],[-33.205,0.476],[-31.405,38.376],[33.595,29.176]],"c":true},"ix":2},"nm":"Path 1","mn":"ADBE Vector Shape - Group","hd":false},{"ty":"fl","c":{"a":0,"k":[0.007843137719,0.835294127464,0.705882370472,1],"ix":4},"o":{"a":0,"k":100,"ix":5},"r":1,"bm":0,"nm":"Fill 1","mn":"ADBE Vector Graphic - Fill","hd":false},{"ty":"tr","p":{"a":0,"k":[0,0],"ix":2},"a":{"a":0,"k":[0,0],"ix":1},"s":{"a":0,"k":[100,100],"ix":3},"r":{"a":0,"k":0,"ix":6},"o":{"a":0,"k":100,"ix":7},"sk":{"a":0,"k":0,"ix":4},"sa":{"a":0,"k":0,"ix":5},"nm":"Transform"}],"nm":"Group 1","np":2,"cix":2,"bm":0,"ix":1,"mn":"ADBE Vector Group","hd":false}],"ip":0,"op":240.0000097754,"st":0,"bm":0},{"ddd":0,"ind":19,"ty":4,"nm":"Layer 26","sr":1,"ks":{"o":{"a":0,"k":100,"ix":11},"r":{"a":0,"k":0,"ix":10},"p":{"a":0,"k":[325.484,255.997,0],"ix":2},"a":{"a":0,"k":[0,0,0],"ix":1},"s":{"a":0,"k":[100,100,100],"ix":6}},"ao":0,"shapes":[{"ty":"gr","it":[{"ind":0,"ty":"sh","ix":1,"ks":{"a":0,"k":{"i":[[0.1,0],[0.1,0.3],[0.5,3.9],[4.5,0.9],[-0.1,0.4],[-0.4,-0.1],[0,0],[0,0],[0,0],[-2.1,-5.3],[0.4,-0.2]],"o":[[-0.3,0],[-2.1,-5.1],[-1,-0.1],[-0.4,-0.1],[0.1,-0.4],[6.1,1.2],[0,0],[0,0],[0,0.3],[0.2,0.4],[0,0]],"v":[[6.82,17.01],[6.12,16.51],[1.12,-14.09],[-6.88,-15.49],[-7.48,-16.39],[-6.58,-16.99],[1.82,-15.49],[2.42,-15.39],[2.52,-14.79],[7.42,16.01],[7.02,17.01]],"c":true},"ix":2},"nm":"Path 1","mn":"ADBE Vector Shape - Group","hd":false},{"ty":"fl","c":{"a":0,"k":[0.011764706112,0,0.278431385756,1],"ix":4},"o":{"a":0,"k":100,"ix":5},"r":1,"bm":0,"nm":"Fill 1","mn":"ADBE Vector Graphic - Fill","hd":false},{"ty":"tr","p":{"a":0,"k":[0,0],"ix":2},"a":{"a":0,"k":[0,0],"ix":1},"s":{"a":0,"k":[100,100],"ix":3},"r":{"a":0,"k":0,"ix":6},"o":{"a":0,"k":100,"ix":7},"sk":{"a":0,"k":0,"ix":4},"sa":{"a":0,"k":0,"ix":5},"nm":"Transform"}],"nm":"Group 1","np":2,"cix":2,"bm":0,"ix":1,"mn":"ADBE Vector Group","hd":false}],"ip":0,"op":240.0000097754,"st":0,"bm":0},{"ddd":0,"ind":20,"ty":4,"nm":"Layer 25","sr":1,"ks":{"o":{"a":0,"k":100,"ix":11},"r":{"a":0,"k":0,"ix":10},"p":{"a":0,"k":[288.49,358.642,0],"ix":2},"a":{"a":0,"k":[0,0,0],"ix":1},"s":{"a":0,"k":[100,100,100],"ix":6}},"ao":0,"shapes":[{"ty":"gr","it":[{"ind":0,"ty":"sh","ix":1,"ks":{"a":0,"k":{"i":[[0.5,0.5],[2.2,1.9],[-0.2,0.3],[-2.2,-1.8]],"o":[[-2.1,-1.9],[0.2,-0.2],[2.1,1.9],[0.5,0.6]],"v":[[2.814,3.065],[-3.686,-2.535],[-2.986,-3.235],[3.514,2.265]],"c":true},"ix":2},"nm":"Path 1","mn":"ADBE Vector Shape - Group","hd":false},{"ty":"fl","c":{"a":0,"k":[1,1,1,1],"ix":4},"o":{"a":0,"k":100,"ix":5},"r":1,"bm":0,"nm":"Fill 1","mn":"ADBE Vector Graphic - Fill","hd":false},{"ty":"tr","p":{"a":0,"k":[0,0],"ix":2},"a":{"a":0,"k":[0,0],"ix":1},"s":{"a":0,"k":[100,100],"ix":3},"r":{"a":0,"k":0,"ix":6},"o":{"a":0,"k":100,"ix":7},"sk":{"a":0,"k":0,"ix":4},"sa":{"a":0,"k":0,"ix":5},"nm":"Transform"}],"nm":"Group 1","np":2,"cix":2,"bm":0,"ix":1,"mn":"ADBE Vector Group","hd":false}],"ip":0,"op":240.0000097754,"st":0,"bm":0},{"ddd":0,"ind":21,"ty":4,"nm":"Layer 24","sr":1,"ks":{"o":{"a":0,"k":100,"ix":11},"r":{"a":0,"k":0,"ix":10},"p":{"a":0,"k":[292.258,355.24,0],"ix":2},"a":{"a":0,"k":[0,0,0],"ix":1},"s":{"a":0,"k":[100,100,100],"ix":6}},"ao":0,"shapes":[{"ty":"gr","it":[{"ind":0,"ty":"sh","ix":1,"ks":{"a":0,"k":{"i":[[0.5,0.3],[2.6,1.8],[-0.2,0.3],[-2.5,-1.7]],"o":[[-2.6,-1.8],[0.2,-0.3],[2.6,1.8],[0.5,0.4]],"v":[[3.546,3.067],[-4.254,-2.333],[-3.654,-3.133],[4.046,2.167]],"c":true},"ix":2},"nm":"Path 1","mn":"ADBE Vector Shape - Group","hd":false},{"ty":"fl","c":{"a":0,"k":[1,1,1,1],"ix":4},"o":{"a":0,"k":100,"ix":5},"r":1,"bm":0,"nm":"Fill 1","mn":"ADBE Vector Graphic - Fill","hd":false},{"ty":"tr","p":{"a":0,"k":[0,0],"ix":2},"a":{"a":0,"k":[0,0],"ix":1},"s":{"a":0,"k":[100,100],"ix":3},"r":{"a":0,"k":0,"ix":6},"o":{"a":0,"k":100,"ix":7},"sk":{"a":0,"k":0,"ix":4},"sa":{"a":0,"k":0,"ix":5},"nm":"Transform"}],"nm":"Group 1","np":2,"cix":2,"bm":0,"ix":1,"mn":"ADBE Vector Group","hd":false}],"ip":0,"op":240.0000097754,"st":0,"bm":0},{"ddd":0,"ind":22,"ty":4,"nm":"Layer 23","sr":1,"ks":{"o":{"a":0,"k":100,"ix":11},"r":{"a":0,"k":0,"ix":10},"p":{"a":0,"k":[385.129,326.991,0],"ix":2},"a":{"a":0,"k":[0,0,0],"ix":1},"s":{"a":0,"k":[100,100,100],"ix":6}},"ao":0,"shapes":[{"ty":"gr","it":[{"ind":0,"ty":"sh","ix":1,"ks":{"a":0,"k":{"i":[[0.2,0],[0.2,0.1],[1.2,1.7],[-0.4,0.2],[-0.2,-0.4],[-0.1,0],[0.3,-0.3]],"o":[[-0.2,0],[0,0],[-0.2,-0.3],[0.3,-0.2],[1.1,1.6],[0.3,0.3],[0,0]],"v":[[0.975,1.916],[0.375,1.716],[-1.525,-0.784],[-1.325,-1.784],[-0.325,-1.584],[1.475,0.716],[1.375,1.816]],"c":true},"ix":2},"nm":"Path 1","mn":"ADBE Vector Shape - Group","hd":false},{"ty":"fl","c":{"a":0,"k":[0.011764706112,0,0.278431385756,1],"ix":4},"o":{"a":0,"k":100,"ix":5},"r":1,"bm":0,"nm":"Fill 1","mn":"ADBE Vector Graphic - Fill","hd":false},{"ty":"tr","p":{"a":0,"k":[0,0],"ix":2},"a":{"a":0,"k":[0,0],"ix":1},"s":{"a":0,"k":[100,100],"ix":3},"r":{"a":0,"k":0,"ix":6},"o":{"a":0,"k":100,"ix":7},"sk":{"a":0,"k":0,"ix":4},"sa":{"a":0,"k":0,"ix":5},"nm":"Transform"}],"nm":"Group 1","np":2,"cix":2,"bm":0,"ix":1,"mn":"ADBE Vector Group","hd":false}],"ip":0,"op":240.0000097754,"st":0,"bm":0},{"ddd":0,"ind":23,"ty":4,"nm":"Layer 22","sr":1,"ks":{"o":{"a":0,"k":100,"ix":11},"r":{"a":0,"k":0,"ix":10},"p":{"a":0,"k":[367.841,274.994,0],"ix":2},"a":{"a":0,"k":[117.841,24.994,0],"ix":1},"s":{"a":0,"k":[100,100,100],"ix":6}},"ao":0,"shapes":[{"ty":"gr","it":[{"ind":0,"ty":"sh","ix":1,"ks":{"a":0,"k":{"i":[[0.1,0],[0.1,0.3],[0.7,1.9],[-0.4,0.2],[-0.2,-0.4],[-0.6,-2.1],[0.4,-0.1]],"o":[[-0.3,0],[-0.6,-2.1],[-0.1,-0.4],[0.4,-0.1],[0.6,1.9],[0.1,0.4],[-0.1,-0.1]],"v":[[106.604,-13.693],[105.904,-14.193],[104.004,-20.193],[104.504,-21.193],[105.504,-20.693],[107.404,-14.593],[106.904,-13.693]],"c":true},"ix":2},"nm":"Path 1","mn":"ADBE Vector Shape - Group","hd":false},{"ind":1,"ty":"sh","ix":2,"ks":{"a":0,"k":{"i":[[0,0],[0,0.4],[0.5,2],[-0.4,0.1],[-0.1,-0.4],[-0.5,-2.2],[0.4,-0.1]],"o":[[-0.3,0],[-0.5,-2.2],[-0.1,-0.4],[0.4,-0.1],[0.5,2],[0.1,0.4],[-0.1,0]],"v":[[109.604,-1.393],[108.904,-1.993],[107.504,-8.193],[108.104,-9.093],[109.004,-8.493],[110.404,-2.293],[109.804,-1.393]],"c":true},"ix":2},"nm":"Path 2","mn":"ADBE Vector Shape - Group","hd":false},{"ind":2,"ty":"sh","ix":3,"ks":{"a":0,"k":{"i":[[0,0],[0,0.3],[0.3,2],[-0.4,0.1],[-0.1,-0.4],[-0.3,-2.1],[0.4,-0.1]],"o":[[-0.4,0],[-0.4,-2.1],[-0.1,-0.4],[0.4,-0.1],[0.4,2.1],[0.1,0.4],[-0.2,-0.2]],"v":[[112.004,11.107],[111.304,10.507],[110.204,4.307],[110.804,3.407],[111.704,4.007],[112.804,10.307],[112.204,11.207]],"c":true},"ix":2},"nm":"Path 3","mn":"ADBE Vector Shape - Group","hd":false},{"ind":3,"ty":"sh","ix":4,"ks":{"a":0,"k":{"i":[[0.1,0],[0,0.3],[0.3,2.1],[-0.4,0.1],[-0.1,-0.4],[-0.4,-2],[0.4,-0.1]],"o":[[-0.4,0],[-0.4,-2.1],[-0.1,-0.4],[0.4,-0.1],[0.4,2.1],[0.1,0.4],[-0.1,0]],"v":[[114.204,23.507],[113.504,22.907],[112.404,16.707],[113.004,15.807],[113.904,16.407],[115.004,22.607],[114.404,23.507]],"c":true},"ix":2},"nm":"Path 4","mn":"ADBE Vector Shape - Group","hd":false},{"ind":4,"ty":"sh","ix":5,"ks":{"a":0,"k":{"i":[[0,0],[0.1,0.4],[0.5,2.2],[-0.4,0.1],[-0.1,-0.4],[-0.5,-1.9],[0.4,-0.1]],"o":[[-0.3,0],[-0.5,-1.9],[-0.1,-0.4],[0.4,-0.1],[0.5,2.2],[0.1,0.4],[-0.1,0]],"v":[[116.804,36.007],[116.104,35.407],[114.704,29.207],[115.304,28.307],[116.204,28.907],[117.604,35.107],[117.004,36.007]],"c":true},"ix":2},"nm":"Path 5","mn":"ADBE Vector Shape - Group","hd":false},{"ind":5,"ty":"sh","ix":6,"ks":{"a":0,"k":{"i":[[0.1,0],[0.1,0.3],[0.7,2.2],[-0.4,0.1],[-0.1,-0.4],[-0.6,-1.8],[0.3,-0.2]],"o":[[-0.3,0],[-0.7,-1.9],[-0.1,-0.4],[0.4,-0.1],[0.6,2.1],[0.1,0.4],[0,-0.1]],"v":[[120.304,48.207],[119.604,47.707],[117.604,41.607],[118.104,40.707],[119.004,41.207],[120.904,47.207],[120.504,48.207]],"c":true},"ix":2},"nm":"Path 6","mn":"ADBE Vector Shape - Group","hd":false},{"ind":6,"ty":"sh","ix":7,"ks":{"a":0,"k":{"i":[[0.1,0],[0.1,0.2],[0.9,2],[-0.4,0.2],[-0.2,-0.4],[-0.8,-1.9],[0.4,-0.2]],"o":[[-0.3,0],[-0.9,-1.9],[-0.2,-0.4],[0.4,-0.2],[0.8,2],[0.2,0.4],[0,-0.1]],"v":[[125.204,59.907],[124.504,59.507],[121.904,53.707],[122.304,52.707],[123.304,53.107],[125.804,58.907],[125.404,59.907]],"c":true},"ix":2},"nm":"Path 7","mn":"ADBE Vector Shape - Group","hd":false},{"ind":7,"ty":"sh","ix":8,"ks":{"a":0,"k":{"i":[[0.1,0],[0.2,0.3],[1,2],[-0.3,0.2],[-0.2,-0.3],[-1,-1.7],[0.4,-0.2]],"o":[[-0.3,0],[-1,-1.7],[-0.2,-0.4],[0.4,-0.2],[1,2],[0.2,0.4],[-0.1,0.1]],"v":[[131.004,71.207],[130.304,70.807],[127.304,65.207],[127.604,64.207],[128.604,64.507],[131.604,70.007],[131.304,71.007]],"c":true},"ix":2},"nm":"Path 8","mn":"ADBE Vector Shape - Group","hd":false},{"ty":"fl","c":{"a":0,"k":[0.011764706112,0,0.278431385756,1],"ix":4},"o":{"a":0,"k":100,"ix":5},"r":1,"bm":0,"nm":"Fill 1","mn":"ADBE Vector Graphic - Fill","hd":false},{"ty":"tr","p":{"a":0,"k":[0,0],"ix":2},"a":{"a":0,"k":[0,0],"ix":1},"s":{"a":0,"k":[100,100],"ix":3},"r":{"a":0,"k":0,"ix":6},"o":{"a":0,"k":100,"ix":7},"sk":{"a":0,"k":0,"ix":4},"sa":{"a":0,"k":0,"ix":5},"nm":"Transform"}],"nm":"Group 1","np":9,"cix":2,"bm":0,"ix":1,"mn":"ADBE Vector Group","hd":false}],"ip":0,"op":240.0000097754,"st":0,"bm":0},{"ddd":0,"ind":24,"ty":4,"nm":"Layer 21","sr":1,"ks":{"o":{"a":0,"k":100,"ix":11},"r":{"a":0,"k":0,"ix":10},"p":{"a":0,"k":[342.254,284.157,0],"ix":2},"a":{"a":0,"k":[92.254,34.157,0],"ix":1},"s":{"a":0,"k":[100,100,100],"ix":6}},"ao":0,"shapes":[{"ty":"gr","it":[{"ind":0,"ty":"sh","ix":1,"ks":{"a":0,"k":{"i":[[1.2,-8.8],[0,0],[-2.6,28.4],[0,0],[0,0],[-7.2,-5],[0,0],[4.6,16.3],[1.1,6.4],[0,0],[0,0],[0.2,0.8],[0,0]],"o":[[0,0],[0.6,-5.8],[0,0],[0,0],[10.5,35.7],[0,0],[-2.8,-3.6],[-4.7,-16.6],[0,0],[0,0],[-0.5,-1.8],[0,0],[-0.2,22.8]],"v":[[39.104,95.607],[75.204,100.607],[82.204,29.607],[82.604,25.707],[83.704,29.507],[118.604,95.807],[145.004,74.107],[122.904,35.107],[109.604,-32.493],[81.004,-25.993],[80.804,-26.693],[79.704,-30.593],[52.004,-19.793]],"c":true},"ix":2},"nm":"Path 1","mn":"ADBE Vector Shape - Group","hd":false},{"ind":1,"ty":"sh","ix":2,"ks":{"a":0,"k":{"i":[[0,0],[0,0],[0,0],[0,23],[0,0],[0,0],[0,0],[-0.7,-2.5],[0,0],[0,0],[-5,-17.8],[-0.1,-0.2],[0,0],[0,0],[0,0],[10.9,34.9],[0.1,-0.4]],"o":[[0,0],[0,0],[0.1,-0.9],[0,0],[0,0],[0,0],[0,0],[0,0],[0,0],[0.1,0.5],[5,17.6],[0,0],[0,0],[0,0],[-6.9,-4.2],[-2.8,30.2],[0,0]],"v":[[76.604,102.407],[37.404,96.907],[37.504,96.207],[50.504,-20.293],[50.504,-20.793],[80.704,-32.393],[80.904,-31.593],[82.104,-27.493],[110.904,-34.093],[111.004,-33.293],[124.404,35.007],[146.604,74.007],[147.104,74.607],[118.704,97.907],[118.204,97.607],[83.304,33.807],[76.504,101.807]],"c":true},"ix":2},"nm":"Path 2","mn":"ADBE Vector Shape - Group","hd":false},{"ty":"fl","c":{"a":0,"k":[0.011764706112,0,0.278431385756,1],"ix":4},"o":{"a":0,"k":100,"ix":5},"r":1,"bm":0,"nm":"Fill 1","mn":"ADBE Vector Graphic - Fill","hd":false},{"ty":"tr","p":{"a":0,"k":[0,0],"ix":2},"a":{"a":0,"k":[0,0],"ix":1},"s":{"a":0,"k":[100,100],"ix":3},"r":{"a":0,"k":0,"ix":6},"o":{"a":0,"k":100,"ix":7},"sk":{"a":0,"k":0,"ix":4},"sa":{"a":0,"k":0,"ix":5},"nm":"Transform"}],"nm":"Group 1","np":3,"cix":2,"bm":0,"ix":1,"mn":"ADBE Vector Group","hd":false}],"ip":0,"op":240.0000097754,"st":0,"bm":0},{"ddd":0,"ind":25,"ty":4,"nm":"Layer 20","sr":1,"ks":{"o":{"a":0,"k":100,"ix":11},"r":{"a":0,"k":0,"ix":10},"p":{"a":0,"k":[342.204,284.157,0],"ix":2},"a":{"a":0,"k":[0,0,0],"ix":1},"s":{"a":0,"k":[100,100,100],"ix":6}},"ao":0,"shapes":[{"ty":"gr","it":[{"ind":0,"ty":"sh","ix":1,"ks":{"a":0,"k":{"i":[[5,18],[0,0],[0,0],[0,0],[0,0],[0,0],[0,0],[-2.8,31.1],[-7.2,-4.5],[0,0]],"o":[[-5.1,-18],[0,0],[-0.8,-2.9],[0,0],[0,23.4],[0,0],[0,0],[10.6,36.2],[0,0],[0,-0.1]],"v":[[31.6,0.85],[18.2,-67.45],[-10.5,-60.85],[-11.9,-65.55],[-40.9,-54.45],[-53.9,62.15],[-16.3,67.45],[-9.2,-4.35],[26.5,62.75],[53.9,40.25]],"c":true},"ix":2},"nm":"Path 1","mn":"ADBE Vector Shape - Group","hd":false},{"ty":"fl","c":{"a":0,"k":[1,1,1,1],"ix":4},"o":{"a":0,"k":100,"ix":5},"r":1,"bm":0,"nm":"Fill 1","mn":"ADBE Vector Graphic - Fill","hd":false},{"ty":"tr","p":{"a":0,"k":[0,0],"ix":2},"a":{"a":0,"k":[0,0],"ix":1},"s":{"a":0,"k":[100,100],"ix":3},"r":{"a":0,"k":0,"ix":6},"o":{"a":0,"k":100,"ix":7},"sk":{"a":0,"k":0,"ix":4},"sa":{"a":0,"k":0,"ix":5},"nm":"Transform"}],"nm":"Group 1","np":2,"cix":2,"bm":0,"ix":1,"mn":"ADBE Vector Group","hd":false}],"ip":0,"op":240.0000097754,"st":0,"bm":0},{"ddd":0,"ind":26,"ty":4,"nm":"Layer 19","sr":1,"ks":{"o":{"a":0,"k":100,"ix":11},"r":{"a":0,"k":0,"ix":10},"p":{"a":0,"k":[295.004,357.857,0],"ix":2},"a":{"a":0,"k":[0,0,0],"ix":1},"s":{"a":0,"k":[100,100,100],"ix":6}},"ao":0,"shapes":[{"ty":"gr","it":[{"ind":0,"ty":"sh","ix":1,"ks":{"a":0,"k":{"i":[[0,0],[0,0],[0,0],[-5.3,1.7],[-3.5,3.2],[-0.2,0.3],[-0.7,0.9],[-0.2,0.3],[-0.5,2.4],[0,0]],"o":[[0,0],[0,0],[0,0],[2.7,-0.8],[0.2,-0.2],[0.8,-0.8],[0.2,-0.3],[1.6,-2.2],[0,0],[0,0]],"v":[[25.7,-12.85],[24,12.85],[-25.7,12.85],[-20.4,4.85],[-10.2,-1.65],[-9.5,-2.35],[-7.1,-4.95],[-6.5,-5.75],[-3.1,-12.75],[25.7,-12.75]],"c":true},"ix":2},"nm":"Path 1","mn":"ADBE Vector Shape - Group","hd":false},{"ty":"fl","c":{"a":0,"k":[0.011764706112,0,0.278431385756,1],"ix":4},"o":{"a":0,"k":100,"ix":5},"r":1,"bm":0,"nm":"Fill 1","mn":"ADBE Vector Graphic - Fill","hd":false},{"ty":"tr","p":{"a":0,"k":[0,0],"ix":2},"a":{"a":0,"k":[0,0],"ix":1},"s":{"a":0,"k":[100,100],"ix":3},"r":{"a":0,"k":0,"ix":6},"o":{"a":0,"k":100,"ix":7},"sk":{"a":0,"k":0,"ix":4},"sa":{"a":0,"k":0,"ix":5},"nm":"Transform"}],"nm":"Group 1","np":2,"cix":2,"bm":0,"ix":1,"mn":"ADBE Vector Group","hd":false}],"ip":0,"op":240.0000097754,"st":0,"bm":0},{"ddd":0,"ind":27,"ty":4,"nm":"Layer 18","sr":1,"ks":{"o":{"a":0,"k":100,"ix":11},"r":{"a":0,"k":0,"ix":10},"p":{"a":0,"k":[376.406,351.857,0],"ix":2},"a":{"a":0,"k":[0,0,0],"ix":1},"s":{"a":0,"k":[100,100,100],"ix":6}},"ao":0,"shapes":[{"ty":"gr","it":[{"ind":0,"ty":"sh","ix":1,"ks":{"a":0,"k":{"i":[[0.6,0],[2.8,-0.1],[-0.1,0.3],[-2.8,0.1]],"o":[[-2.8,0.1],[0,-0.3],[2.8,-0.1],[0.6,0]],"v":[[3.998,0.35],[-4.502,0.65],[-4.402,-0.35],[4.098,-0.65]],"c":true},"ix":2},"nm":"Path 1","mn":"ADBE Vector Shape - Group","hd":false},{"ty":"fl","c":{"a":0,"k":[1,1,1,1],"ix":4},"o":{"a":0,"k":100,"ix":5},"r":1,"bm":0,"nm":"Fill 1","mn":"ADBE Vector Graphic - Fill","hd":false},{"ty":"tr","p":{"a":0,"k":[0,0],"ix":2},"a":{"a":0,"k":[0,0],"ix":1},"s":{"a":0,"k":[100,100],"ix":3},"r":{"a":0,"k":0,"ix":6},"o":{"a":0,"k":100,"ix":7},"sk":{"a":0,"k":0,"ix":4},"sa":{"a":0,"k":0,"ix":5},"nm":"Transform"}],"nm":"Group 1","np":2,"cix":2,"bm":0,"ix":1,"mn":"ADBE Vector Group","hd":false}],"ip":0,"op":240.0000097754,"st":0,"bm":0},{"ddd":0,"ind":28,"ty":4,"nm":"Layer 6","sr":1,"ks":{"o":{"a":0,"k":100,"ix":11},"r":{"a":0,"k":0,"ix":10},"p":{"a":0,"k":[376.735,346.853,0],"ix":2},"a":{"a":0,"k":[0,0,0],"ix":1},"s":{"a":0,"k":[100,100,100],"ix":6}},"ao":0,"shapes":[{"ty":"gr","it":[{"ind":0,"ty":"sh","ix":1,"ks":{"a":0,"k":{"i":[[0.6,-0.1],[3.1,-0.5],[0,0.3],[-3.1,0.4]],"o":[[-3.1,0.4],[0,-0.3],[3.1,-0.4],[0.6,-0.1]],"v":[[4.569,-0.246],[-4.831,1.154],[-4.931,0.154],[4.369,-1.146]],"c":true},"ix":2},"nm":"Path 1","mn":"ADBE Vector Shape - Group","hd":false},{"ty":"fl","c":{"a":0,"k":[1,1,1,1],"ix":4},"o":{"a":0,"k":100,"ix":5},"r":1,"bm":0,"nm":"Fill 1","mn":"ADBE Vector Graphic - Fill","hd":false},{"ty":"tr","p":{"a":0,"k":[0,0],"ix":2},"a":{"a":0,"k":[0,0],"ix":1},"s":{"a":0,"k":[100,100],"ix":3},"r":{"a":0,"k":0,"ix":6},"o":{"a":0,"k":100,"ix":7},"sk":{"a":0,"k":0,"ix":4},"sa":{"a":0,"k":0,"ix":5},"nm":"Transform"}],"nm":"Group 1","np":2,"cix":2,"bm":0,"ix":1,"mn":"ADBE Vector Group","hd":false}],"ip":0,"op":240.0000097754,"st":0,"bm":0},{"ddd":0,"ind":29,"ty":4,"nm":"Layer 4","sr":1,"ks":{"o":{"a":0,"k":100,"ix":11},"r":{"a":0,"k":0,"ix":10},"p":{"a":0,"k":[387.33,346.857,0],"ix":2},"a":{"a":0,"k":[0,0,0],"ix":1},"s":{"a":0,"k":[100,100,100],"ix":6}},"ao":0,"shapes":[{"ty":"gr","it":[{"ind":0,"ty":"sh","ix":1,"ks":{"a":0,"k":{"i":[[0,0],[0,0],[0,0],[-2.8,4.8],[-0.3,4.8],[-0.1,0.3],[0.1,1.2],[0,0.3],[1.2,2.2]],"o":[[0,0],[0,0],[0,0],[1.4,-2.5],[0,-0.3],[0.1,-1.2],[0,-0.3],[-0.3,-2.7],[0,0]],"v":[[3.274,-26.85],[19.474,-6.85],[-17.026,26.85],[-18.526,17.35],[-15.526,5.65],[-15.426,4.65],[-15.426,1.05],[-15.526,0.05],[-17.726,-7.45]],"c":true},"ix":2},"nm":"Path 1","mn":"ADBE Vector Shape - Group","hd":false},{"ty":"fl","c":{"a":0,"k":[0.011764706112,0,0.278431385756,1],"ix":4},"o":{"a":0,"k":100,"ix":5},"r":1,"bm":0,"nm":"Fill 1","mn":"ADBE Vector Graphic - Fill","hd":false},{"ty":"tr","p":{"a":0,"k":[0,0],"ix":2},"a":{"a":0,"k":[0,0],"ix":1},"s":{"a":0,"k":[100,100],"ix":3},"r":{"a":0,"k":0,"ix":6},"o":{"a":0,"k":100,"ix":7},"sk":{"a":0,"k":0,"ix":4},"sa":{"a":0,"k":0,"ix":5},"nm":"Transform"}],"nm":"Group 1","np":2,"cix":2,"bm":0,"ix":1,"mn":"ADBE Vector Group","hd":false}],"ip":0,"op":240.0000097754,"st":0,"bm":0}]}],"layers":[{"ddd":0,"ind":1,"ty":4,"nm":"Shape Layer 5","sr":1,"ks":{"o":{"a":0,"k":100,"ix":11},"r":{"a":0,"k":0,"ix":10},"p":{"a":0,"k":[200,200,0],"ix":2},"a":{"a":0,"k":[0,0,0],"ix":1},"s":{"a":0,"k":[100,100,100],"ix":6}},"ao":0,"shapes":[],"ip":0,"op":240.0000097754,"st":0,"bm":0},{"ddd":0,"ind":2,"ty":4,"nm":"Layer 20","sr":1,"ks":{"o":{"a":0,"k":100,"ix":11},"r":{"a":0,"k":0,"ix":10},"p":{"a":0,"k":[245.554,140.307,0],"ix":2},"a":{"a":0,"k":[0,0,0],"ix":1},"s":{"a":0,"k":[100,100,100],"ix":6}},"ao":0,"shapes":[{"ty":"gr","it":[{"ind":0,"ty":"sh","ix":1,"ks":{"a":0,"k":{"i":[[0,0],[0,0.4],[0,0],[-0.4,0],[0,-0.4],[0,0],[0.5,0]],"o":[[-0.4,0],[0,0],[0,-0.4],[0.4,0],[0,0],[0,0.5],[0.1,0]],"v":[[0.25,9.3],[-0.45,8.6],[-1.05,-8.5],[-0.35,-9.3],[0.45,-8.6],[1.05,8.5],[0.25,9.3]],"c":true},"ix":2},"nm":"Path 1","mn":"ADBE Vector Shape - Group","hd":false},{"ty":"fl","c":{"a":0,"k":[0.011764706112,0,0.278431385756,1],"ix":4},"o":{"a":0,"k":100,"ix":5},"r":1,"bm":0,"nm":"Fill 1","mn":"ADBE Vector Graphic - Fill","hd":false},{"ty":"tr","p":{"a":0,"k":[0,0],"ix":2},"a":{"a":0,"k":[0,0],"ix":1},"s":{"a":0,"k":[100,100],"ix":3},"r":{"a":0,"k":0,"ix":6},"o":{"a":0,"k":100,"ix":7},"sk":{"a":0,"k":0,"ix":4},"sa":{"a":0,"k":0,"ix":5},"nm":"Transform"}],"nm":"Group 1","np":2,"cix":2,"bm":0,"ix":1,"mn":"ADBE Vector Group","hd":false}],"ip":0,"op":240.0000097754,"st":0,"bm":0},{"ddd":0,"ind":3,"ty":0,"nm":"Pre-comp 1","refId":"comp_0","sr":1,"ks":{"o":{"a":0,"k":100,"ix":11},"r":{"a":0,"k":0,"ix":10},"p":{"a":0,"k":[200,200,0],"ix":2},"a":{"a":0,"k":[250,250,0],"ix":1},"s":{"a":0,"k":[100,100,100],"ix":6}},"ao":0,"hasMask":true,"masksProperties":[{"inv":true,"mode":"a","pt":{"a":0,"k":{"i":[[0,0],[0,0],[0,0],[11.5,5.5]],"o":[[0,0],[0,0],[0,0],[-1.25,-0.25]],"v":[[270.75,241.5],[287.25,283.5],[315,255.25],[309.75,242.25]],"c":true},"ix":1},"o":{"a":0,"k":100,"ix":3},"x":{"a":0,"k":0,"ix":4},"nm":"Mask 1"}],"w":500,"h":500,"ip":0,"op":240.0000097754,"st":0,"bm":0},{"ddd":0,"ind":4,"ty":3,"nm":"Null 3","sr":1,"ks":{"o":{"a":0,"k":0,"ix":11},"r":{"a":1,"k":[{"i":{"x":[0.833],"y":[0.833]},"o":{"x":[0.167],"y":[0.167]},"t":1,"s":[0]},{"t":62.0000025253118,"s":[5]}],"ix":10,"x":"var $bm_rt;\n$bm_rt = loopOut('pingpong');"},"p":{"a":0,"k":[249.502,130.499,0],"ix":2},"a":{"a":0,"k":[50,50,0],"ix":1},"s":{"a":0,"k":[43,43,100],"ix":6}},"ao":0,"ip":0,"op":240.0000097754,"st":0,"bm":0},{"ddd":0,"ind":5,"ty":4,"nm":"Layer 19","parent":4,"sr":1,"ks":{"o":{"a":0,"k":100,"ix":11},"r":{"a":0,"k":0,"ix":10},"p":{"a":0,"k":[47.795,49.437,0],"ix":2},"a":{"a":0,"k":[48.554,-69.743,0],"ix":1},"s":{"a":0,"k":[232.558,232.558,100],"ix":6}},"ao":0,"shapes":[{"ty":"gr","it":[{"ind":0,"ty":"sh","ix":1,"ks":{"a":0,"k":{"i":[[0.5,-0.8],[-2.7,-2],[-2.1,-1.4],[-1,-0.6],[-1.2,2.5],[0,0],[5.1,-9.6]],"o":[[2.9,1.8],[2.1,1.5],[1,0.6],[8.2,-12.9],[0,0],[-14.5,5],[-0.5,0.9]],"v":[[31.004,-59.393],[39.504,-53.593],[45.904,-49.193],[48.804,-47.293],[66.304,-79.293],[60.404,-92.493],[32.404,-61.893]],"c":true},"ix":2},"nm":"Path 1","mn":"ADBE Vector Shape - Group","hd":false},{"ind":1,"ty":"sh","ix":2,"ks":{"a":0,"k":{"i":[[0,0],[0,0],[1.2,0.7],[2.1,1.5],[3.1,1.9],[0,0],[0,0],[-0.6,1.2],[-15.4,4.9],[0,0],[0,0],[0,0],[9,-14]],"o":[[0,0],[-1.2,-0.8],[-2.2,-1.4],[-2.9,-2.1],[0,0],[0,0],[0.5,-1],[5.3,-9.9],[0,0],[0,0],[0,0],[-0.1,0.2],[0,0]],"v":[[49.304,-45.193],[48.704,-45.593],[45.204,-47.893],[38.804,-52.293],[29.704,-58.393],[29.104,-58.793],[29.404,-59.393],[31.104,-62.593],[60.604,-94.093],[61.204,-94.293],[68.004,-79.193],[67.904,-78.893],[49.704,-45.793]],"c":true},"ix":2},"nm":"Path 2","mn":"ADBE Vector Shape - Group","hd":false},{"ty":"fl","c":{"a":0,"k":[0.007843137719,0.835294127464,0.705882370472,1],"ix":4},"o":{"a":0,"k":100,"ix":5},"r":1,"bm":0,"nm":"Fill 1","mn":"ADBE Vector Graphic - Fill","hd":false},{"ty":"tr","p":{"a":0,"k":[0,0],"ix":2},"a":{"a":0,"k":[0,0],"ix":1},"s":{"a":0,"k":[100,100],"ix":3},"r":{"a":0,"k":0,"ix":6},"o":{"a":0,"k":100,"ix":7},"sk":{"a":0,"k":0,"ix":4},"sa":{"a":0,"k":0,"ix":5},"nm":"Transform"}],"nm":"Group 1","np":3,"cix":2,"bm":0,"ix":1,"mn":"ADBE Vector Group","hd":false}],"ip":0,"op":240.0000097754,"st":0,"bm":0},{"ddd":0,"ind":6,"ty":4,"nm":"Layer 18","parent":4,"sr":1,"ks":{"o":{"a":0,"k":100,"ix":11},"r":{"a":0,"k":0,"ix":10},"p":{"a":0,"k":[47.795,48.972,0],"ix":2},"a":{"a":0,"k":[0,0,0],"ix":1},"s":{"a":0,"k":[232.558,232.558,100],"ix":6}},"ao":0,"shapes":[{"ty":"gr","it":[{"ind":0,"ty":"sh","ix":1,"ks":{"a":0,"k":{"i":[[-5.1,-3.4],[-1.1,-0.7],[0,0],[0,0],[4.9,-9]],"o":[[1.2,0.8],[9.1,-14.2],[0,0],[-17,5.4],[5.3,3.3]],"v":[[-3.05,21.35],[0.45,23.65],[18.55,-9.45],[12.25,-23.65],[-18.55,10.75]],"c":true},"ix":2},"nm":"Path 1","mn":"ADBE Vector Shape - Group","hd":false},{"ty":"fl","c":{"a":0,"k":[0.007843137719,0.835294127464,0.705882370472,1],"ix":4},"o":{"a":0,"k":100,"ix":5},"r":1,"bm":0,"nm":"Fill 1","mn":"ADBE Vector Graphic - Fill","hd":false},{"ty":"tr","p":{"a":0,"k":[0,0],"ix":2},"a":{"a":0,"k":[0,0],"ix":1},"s":{"a":0,"k":[100,100],"ix":3},"r":{"a":0,"k":0,"ix":6},"o":{"a":0,"k":100,"ix":7},"sk":{"a":0,"k":0,"ix":4},"sa":{"a":0,"k":0,"ix":5},"nm":"Transform"}],"nm":"Group 1","np":2,"cix":2,"bm":0,"ix":1,"mn":"ADBE Vector Group","hd":false}],"ip":0,"op":240.0000097754,"st":0,"bm":0},{"ddd":0,"ind":7,"ty":4,"nm":"Layer 6","parent":4,"sr":1,"ks":{"o":{"a":0,"k":100,"ix":11},"r":{"a":0,"k":0,"ix":10},"p":{"a":0,"k":[-12.911,92.46,0],"ix":2},"a":{"a":0,"k":[22.45,-51.243,0],"ix":1},"s":{"a":0,"k":[232.558,232.558,100],"ix":6}},"ao":0,"shapes":[{"ty":"gr","it":[{"ind":0,"ty":"sh","ix":1,"ks":{"a":0,"k":{"i":[[0,0],[0,0],[0,0],[0.6,-0.8],[-0.7,-0.8],[-0.3,0],[-2.1,2.5],[-1.4,0.6],[-1.7,1.7],[-3.8,0.9],[-6.8,7.1],[-1.7,3.4],[0,0],[5.1,-9.6],[0.9,-1.4],[11.3,-3.7],[2.4,-2.1],[-0.1,-1.7],[0,0],[0,0],[0,0],[-1.9,-1.3],[0,0],[0,0],[-1.6,-1.6],[-2.3,2.1],[-1.7,0.3]],"o":[[0,0],[0,0],[-0.1,0.6],[-1.2,1.7],[0,0],[2,0],[1,-1.1],[1.5,-0.6],[1.4,-1.3],[6.6,-1.5],[10,-10.4],[0,0],[-14.5,5],[-1.4,2.6],[-7.3,10.6],[-6,2],[-2.3,2],[0,1.5],[0,0],[0,0],[0,0],[0,0],[0,0],[-1.3,1.3],[1,1],[2.4,-2.2],[0,0]],"v":[[-6.996,-19.093],[-5.696,-15.993],[-5.696,-15.793],[-6.996,-13.593],[-8.396,-9.693],[-7.996,-9.593],[0.804,-16.593],[4.504,-18.793],[9.504,-21.693],[17.404,-24.493],[39.804,-35.193],[66.404,-79.493],[60.504,-92.693],[32.504,-62.093],[29.104,-55.993],[-3.696,-37.093],[-17.296,-31.293],[-20.696,-25.693],[-19.596,-23.293],[-19.196,-22.993],[-19.296,-22.493],[-17.996,-18.293],[-17.196,-17.793],[-17.796,-17.093],[-20.696,-9.993],[-13.796,-14.393],[-7.396,-18.893]],"c":true},"ix":2},"nm":"Path 1","mn":"ADBE Vector Shape - Group","hd":false},{"ind":1,"ty":"sh","ix":2,"ks":{"a":0,"k":{"i":[[0,0],[0.3,0.3],[-1.2,1.7],[-0.2,0.4],[0,0],[1.8,-1.6],[2,2],[-1.5,1.7],[-0.1,0.9],[0.1,1.6],[-2.6,2.3],[-6.2,2.1],[-7,10.2],[-1.4,2.4],[-15.4,4.9],[0,0],[0,0],[0,0],[10.7,-11.1],[6.7,-1.6],[1.1,-1],[1.6,-0.6],[0.7,-0.8],[3.5,-0.1]],"o":[[-0.7,0],[-1.7,-1.8],[0.4,-0.5],[0,0],[-1.3,0.6],[-3.6,3.2],[-2.5,-2.5],[-1.6,-1.6],[-0.5,-0.5],[0,-2.2],[2.6,-2.3],[11.1,-3.6],[0.9,-1.3],[5.3,-9.9],[0,0],[0,0],[0,0],[-0.7,1.4],[-7.1,7.4],[-3.3,0.8],[-2,1.9],[-1.3,0.5],[0,0.3],[0.1,0]],"v":[[-8.096,-7.993],[-9.596,-8.593],[-8.396,-14.393],[-7.396,-15.893],[-7.996,-17.393],[-13.096,-13.393],[-22.096,-9.093],[-19.796,-17.693],[-21.196,-22.493],[-22.496,-25.693],[-18.596,-32.493],[-4.396,-38.593],[27.604,-56.893],[31.004,-62.793],[60.504,-94.293],[61.104,-94.493],[67.904,-79.393],[67.804,-79.093],[40.804,-34.093],[17.704,-22.993],[10.504,-20.593],[4.904,-17.393],[1.904,-15.693],[-8.096,-7.993]],"c":true},"ix":2},"nm":"Path 2","mn":"ADBE Vector Shape - Group","hd":false},{"ty":"fl","c":{"a":0,"k":[0.011764706112,0,0.278431385756,1],"ix":4},"o":{"a":0,"k":100,"ix":5},"r":1,"bm":0,"nm":"Fill 1","mn":"ADBE Vector Graphic - Fill","hd":false},{"ty":"tr","p":{"a":0,"k":[0,0],"ix":2},"a":{"a":0,"k":[0,0],"ix":1},"s":{"a":0,"k":[100,100],"ix":3},"r":{"a":0,"k":0,"ix":6},"o":{"a":0,"k":100,"ix":7},"sk":{"a":0,"k":0,"ix":4},"sa":{"a":0,"k":0,"ix":5},"nm":"Transform"}],"nm":"Group 1","np":3,"cix":2,"bm":0,"ix":1,"mn":"ADBE Vector Group","hd":false}],"ip":0,"op":240.0000097754,"st":0,"bm":0},{"ddd":0,"ind":8,"ty":4,"nm":"Layer 4","parent":4,"sr":1,"ks":{"o":{"a":0,"k":100,"ix":11},"r":{"a":0,"k":0,"ix":10},"p":{"a":0,"k":[-12.447,92.888,0],"ix":2},"a":{"a":0,"k":[0,0,0],"ix":1},"s":{"a":0,"k":[232.558,232.558,100],"ix":6}},"ao":0,"shapes":[{"ty":"gr","it":[{"ind":0,"ty":"sh","ix":1,"ks":{"a":0,"k":{"i":[[0,0],[4.5,-6.6],[7,-6.2],[0,0],[-2.5,-1.6],[-2.6,-2.5],[-3.5,0.6],[0,0],[-1.9,-1.9],[-1.8,2.2],[-3.5,3.3],[-10.8,11.2],[0,0]],"o":[[-19.1,6.1],[-11.2,16.2],[-6.6,5.8],[0,0],[0,0],[2.5,2.5],[0,0],[-0.3,1.5],[1.8,2],[1.8,-2.2],[3.5,-3.3],[10.7,-11.2],[0,0]],"v":[[38.154,-42.434],[5.654,-5.234],[-40.646,19.266],[-42.946,28.466],[-41.246,33.466],[-44.046,41.666],[-30.046,32.966],[-29.046,35.366],[-31.446,42.066],[-21.146,35.166],[-12.446,30.166],[17.854,16.666],[44.754,-28.134]],"c":true},"ix":2},"nm":"Path 1","mn":"ADBE Vector Shape - Group","hd":false},{"ty":"fl","c":{"a":0,"k":[1,1,1,1],"ix":4},"o":{"a":0,"k":100,"ix":5},"r":1,"bm":0,"nm":"Fill 1","mn":"ADBE Vector Graphic - Fill","hd":false},{"ty":"tr","p":{"a":0,"k":[0,0],"ix":2},"a":{"a":0,"k":[0,0],"ix":1},"s":{"a":0,"k":[100,100],"ix":3},"r":{"a":0,"k":0,"ix":6},"o":{"a":0,"k":100,"ix":7},"sk":{"a":0,"k":0,"ix":4},"sa":{"a":0,"k":0,"ix":5},"nm":"Transform"}],"nm":"Group 1","np":2,"cix":2,"bm":0,"ix":1,"mn":"ADBE Vector Group","hd":false}],"ip":0,"op":240.0000097754,"st":0,"bm":0},{"ddd":1,"ind":9,"ty":3,"nm":"Null 2","sr":1,"ks":{"o":{"a":0,"k":0,"ix":11},"rx":{"a":0,"k":-61,"ix":8},"ry":{"a":0,"k":0,"ix":9},"rz":{"a":0,"k":7,"ix":10},"or":{"a":1,"k":[{"i":{"x":0.833,"y":0.833},"o":{"x":0.167,"y":0.167},"t":0,"s":[0,0,7],"to":[7,0,0],"ti":[0,0,0]},{"t":42.0000017106951,"s":[0,0,0]}],"ix":7,"x":"var $bm_rt;\n$bm_rt = loopOut('pingpong');"},"p":{"a":0,"k":[177.4,190.093,-67.199],"ix":2},"a":{"a":0,"k":[50,50,0],"ix":1},"s":{"a":0,"k":[118,118,118],"ix":6}},"ao":0,"ip":-47.0000019143492,"op":538.000021913189,"st":0,"bm":0},{"ddd":1,"ind":10,"ty":4,"nm":"Shape Layer 4","parent":9,"sr":1,"ks":{"o":{"a":0,"k":100,"ix":11},"rx":{"a":0,"k":0,"ix":8},"ry":{"a":0,"k":0,"ix":9},"rz":{"a":0,"k":0,"ix":10},"or":{"a":0,"k":[0,0,0],"ix":7},"p":{"a":0,"k":[50,50,0],"ix":2},"a":{"a":0,"k":[-37.5,-81,0],"ix":1},"s":{"a":0,"k":[250,250,250],"ix":6}},"ao":0,"shapes":[{"ty":"gr","it":[{"d":1,"ty":"el","s":{"a":0,"k":[36,36],"ix":2},"p":{"a":0,"k":[0,0],"ix":3},"nm":"Ellipse Path 1","mn":"ADBE Vector Shape - Ellipse","hd":false},{"ty":"st","c":{"a":0,"k":[0.007843137255,0.835294117647,0.705882352941,1],"ix":3},"o":{"a":0,"k":100,"ix":4},"w":{"a":0,"k":1,"ix":5},"lc":2,"lj":2,"bm":0,"d":[{"n":"d","nm":"dash","v":{"a":0,"k":26,"ix":1}},{"n":"g","nm":"gap","v":{"a":0,"k":18,"ix":2}},{"n":"d","nm":"dash2","v":{"a":0,"k":16,"ix":3}},{"n":"o","nm":"offset","v":{"a":0,"k":0,"ix":7}}],"nm":"Stroke 1","mn":"ADBE Vector Graphic - Stroke","hd":false},{"ty":"tr","p":{"a":0,"k":[-37.5,-81],"ix":2},"a":{"a":0,"k":[0,0],"ix":1},"s":{"a":0,"k":[100,100],"ix":3},"r":{"a":0,"k":0,"ix":6},"o":{"a":0,"k":100,"ix":7},"sk":{"a":0,"k":0,"ix":4},"sa":{"a":0,"k":0,"ix":5},"nm":"Transform"}],"nm":"Ellipse 1","np":3,"cix":2,"bm":0,"ix":1,"mn":"ADBE Vector Group","hd":false},{"ty":"tm","s":{"a":0,"k":0,"ix":1},"e":{"a":0,"k":100,"ix":2},"o":{"a":1,"k":[{"i":{"x":[0.833],"y":[0.833]},"o":{"x":[0.167],"y":[0.167]},"t":0,"s":[0]},{"t":151.000006150356,"s":[359]}],"ix":3,"x":"var $bm_rt;\n$bm_rt = loopOut('cycle');"},"m":1,"ix":2,"nm":"Trim Paths 1","mn":"ADBE Vector Filter - Trim","hd":false}],"ip":-18.000000733155,"op":240.0000097754,"st":0,"bm":0},{"ddd":1,"ind":11,"ty":4,"nm":"Shape Layer 3","parent":9,"sr":1,"ks":{"o":{"a":0,"k":100,"ix":11},"rx":{"a":0,"k":0,"ix":8},"ry":{"a":0,"k":0,"ix":9},"rz":{"a":0,"k":0,"ix":10},"or":{"a":0,"k":[0,0,0],"ix":7},"p":{"a":0,"k":[50,50,0],"ix":2},"a":{"a":0,"k":[-37.5,-81,0],"ix":1},"s":{"a":0,"k":[189,189,189],"ix":6}},"ao":0,"shapes":[{"ty":"gr","it":[{"d":1,"ty":"el","s":{"a":0,"k":[36,36],"ix":2},"p":{"a":0,"k":[0,0],"ix":3},"nm":"Ellipse Path 1","mn":"ADBE Vector Shape - Ellipse","hd":false},{"ty":"st","c":{"a":0,"k":[1,0.23137254902,0.188235294118,1],"ix":3},"o":{"a":0,"k":100,"ix":4},"w":{"a":0,"k":1,"ix":5},"lc":2,"lj":2,"bm":0,"d":[{"n":"d","nm":"dash","v":{"a":0,"k":10,"ix":1}},{"n":"g","nm":"gap","v":{"a":0,"k":8,"ix":2}},{"n":"d","nm":"dash2","v":{"a":0,"k":24,"ix":3}},{"n":"o","nm":"offset","v":{"a":0,"k":0,"ix":7}}],"nm":"Stroke 1","mn":"ADBE Vector Graphic - Stroke","hd":false},{"ty":"tm","s":{"a":0,"k":0,"ix":1},"e":{"a":0,"k":100,"ix":2},"o":{"a":1,"k":[{"i":{"x":[0.833],"y":[0.833]},"o":{"x":[0.167],"y":[0.167]},"t":-47,"s":[0]},{"t":67.0000027289659,"s":[359]}],"ix":3,"x":"var $bm_rt;\n$bm_rt = loopOut('cycle');"},"m":1,"ix":4,"nm":"Trim Paths 1","mn":"ADBE Vector Filter - Trim","hd":false},{"ty":"tr","p":{"a":0,"k":[-37.5,-81],"ix":2},"a":{"a":0,"k":[0,0],"ix":1},"s":{"a":0,"k":[100,100],"ix":3},"r":{"a":0,"k":0,"ix":6},"o":{"a":0,"k":100,"ix":7},"sk":{"a":0,"k":0,"ix":4},"sa":{"a":0,"k":0,"ix":5},"nm":"Transform"}],"nm":"Ellipse 1","np":4,"cix":2,"bm":0,"ix":1,"mn":"ADBE Vector Group","hd":false}],"ip":-47.0000019143492,"op":534.000021750266,"st":-47.0000019143492,"bm":0},{"ddd":1,"ind":12,"ty":4,"nm":"Shape Layer 2","parent":9,"sr":1,"ks":{"o":{"a":0,"k":100,"ix":11},"rx":{"a":0,"k":0,"ix":8},"ry":{"a":0,"k":0,"ix":9},"rz":{"a":0,"k":0,"ix":10},"or":{"a":0,"k":[0,0,0],"ix":7},"p":{"a":0,"k":[50,50,0],"ix":2},"a":{"a":0,"k":[-37.5,-81,0],"ix":1},"s":{"a":0,"k":[147,147,147],"ix":6}},"ao":0,"shapes":[{"ty":"gr","it":[{"d":1,"ty":"el","s":{"a":0,"k":[36,36],"ix":2},"p":{"a":0,"k":[0,0],"ix":3},"nm":"Ellipse Path 1","mn":"ADBE Vector Shape - Ellipse","hd":false},{"ty":"st","c":{"a":0,"k":[0.98431372549,0.678431372549,0.094117647059,1],"ix":3},"o":{"a":0,"k":100,"ix":4},"w":{"a":0,"k":2,"ix":5},"lc":2,"lj":2,"bm":0,"d":[{"n":"d","nm":"dash","v":{"a":0,"k":14,"ix":1}},{"n":"g","nm":"gap","v":{"a":0,"k":25,"ix":2}},{"n":"o","nm":"offset","v":{"a":0,"k":0,"ix":7}}],"nm":"Stroke 1","mn":"ADBE Vector Graphic - Stroke","hd":false},{"ty":"tr","p":{"a":0,"k":[-37.5,-81],"ix":2},"a":{"a":0,"k":[0,0],"ix":1},"s":{"a":0,"k":[100,100],"ix":3},"r":{"a":0,"k":0,"ix":6},"o":{"a":0,"k":100,"ix":7},"sk":{"a":0,"k":0,"ix":4},"sa":{"a":0,"k":0,"ix":5},"nm":"Transform"}],"nm":"Ellipse 1","np":2,"cix":2,"bm":0,"ix":1,"mn":"ADBE Vector Group","hd":false},{"ty":"tm","s":{"a":0,"k":0,"ix":1},"e":{"a":0,"k":100,"ix":2},"o":{"a":1,"k":[{"i":{"x":[0.833],"y":[0.833]},"o":{"x":[0.167],"y":[0.167]},"t":-43,"s":[0]},{"t":5.00000020365417,"s":[359]}],"ix":3,"x":"var $bm_rt;\n$bm_rt = loopOut('cycle');"},"m":1,"ix":2,"nm":"Trim Paths 1","mn":"ADBE Vector Filter - Trim","hd":false}],"ip":-43.0000017514259,"op":538.000021913189,"st":-43.0000017514259,"bm":0},{"ddd":1,"ind":13,"ty":4,"nm":"Shape Layer 1","parent":9,"sr":1,"ks":{"o":{"a":0,"k":100,"ix":11},"rx":{"a":0,"k":0,"ix":8},"ry":{"a":0,"k":0,"ix":9},"rz":{"a":0,"k":0,"ix":10},"or":{"a":0,"k":[0,0,0],"ix":7},"p":{"a":0,"k":[50,50,0],"ix":2},"a":{"a":0,"k":[-37.5,-81,0],"ix":1},"s":{"a":0,"k":[100,100,100],"ix":6}},"ao":0,"shapes":[{"ty":"gr","it":[{"d":1,"ty":"el","s":{"a":0,"k":[36,36],"ix":2},"p":{"a":0,"k":[0,0],"ix":3},"nm":"Ellipse Path 1","mn":"ADBE Vector Shape - Ellipse","hd":false},{"ty":"st","c":{"a":0,"k":[1,1,1,1],"ix":3},"o":{"a":0,"k":100,"ix":4},"w":{"a":0,"k":0,"ix":5},"lc":1,"lj":1,"ml":4,"bm":0,"nm":"Stroke 1","mn":"ADBE Vector Graphic - Stroke","hd":false},{"ty":"fl","c":{"a":0,"k":[0.372549019608,0.250980392157,0.564705882353,1],"ix":4},"o":{"a":0,"k":100,"ix":5},"r":1,"bm":0,"nm":"Fill 1","mn":"ADBE Vector Graphic - Fill","hd":false},{"ty":"tr","p":{"a":0,"k":[-37.5,-81],"ix":2},"a":{"a":0,"k":[0,0],"ix":1},"s":{"a":0,"k":[100,100],"ix":3},"r":{"a":0,"k":0,"ix":6},"o":{"a":0,"k":100,"ix":7},"sk":{"a":0,"k":0,"ix":4},"sa":{"a":0,"k":0,"ix":5},"nm":"Transform"}],"nm":"Ellipse 1","np":3,"cix":2,"bm":0,"ix":1,"mn":"ADBE Vector Group","hd":false}],"ip":0,"op":240.0000097754,"st":0,"bm":0},{"ddd":0,"ind":24,"ty":4,"nm":"Layer 17","sr":1,"ks":{"o":{"a":0,"k":100,"ix":11},"r":{"a":0,"k":0,"ix":10},"p":{"a":0,"k":[109.979,220.807,0],"ix":2},"a":{"a":0,"k":[0,0,0],"ix":1},"s":{"a":0,"k":[100,100,100],"ix":6}},"ao":0,"shapes":[{"ty":"gr","it":[{"ind":0,"ty":"sh","ix":1,"ks":{"a":1,"k":[{"i":{"x":0.833,"y":0.833},"o":{"x":0.167,"y":0.167},"t":-38,"s":[{"i":[[0,0],[0,0],[0,0],[0,0]],"o":[[0,0],[0,0],[0,0],[0,0]],"v":[[6.9,3.75],[6.625,3.625],[14.75,-3.625],[14.5,-3.75]],"c":true}]},{"t":-9.00000036657752,"s":[{"i":[[0,0],[0,0],[0,0],[0,0]],"o":[[0,0],[0,0],[0,0],[0,0]],"v":[[6.9,3.75],[-14.5,3.75],[-7,-3.75],[14.5,-3.75]],"c":true}]}],"ix":2},"nm":"Path 1","mn":"ADBE Vector Shape - Group","hd":false},{"ty":"fl","c":{"a":0,"k":[1,1,1,1],"ix":4},"o":{"a":0,"k":100,"ix":5},"r":1,"bm":0,"nm":"Fill 1","mn":"ADBE Vector Graphic - Fill","hd":false},{"ty":"tr","p":{"a":0,"k":[0,0],"ix":2},"a":{"a":0,"k":[0,0],"ix":1},"s":{"a":0,"k":[100,100],"ix":3},"r":{"a":0,"k":0,"ix":6},"o":{"a":0,"k":100,"ix":7},"sk":{"a":0,"k":0,"ix":4},"sa":{"a":0,"k":0,"ix":5},"nm":"Transform"}],"nm":"Group 1","np":2,"cix":2,"bm":0,"ix":1,"mn":"ADBE Vector Group","hd":false}],"ip":-52.0000021180034,"op":188.000007657397,"st":-52.0000021180034,"bm":0},{"ddd":0,"ind":25,"ty":4,"nm":"Layer 16","sr":1,"ks":{"o":{"a":0,"k":100,"ix":11},"r":{"a":0,"k":0,"ix":10},"p":{"a":0,"k":[102.354,234.057,0],"ix":2},"a":{"a":0,"k":[0,0,0],"ix":1},"s":{"a":0,"k":[100,100,100],"ix":6}},"ao":0,"shapes":[{"ty":"gr","it":[{"ind":0,"ty":"sh","ix":1,"ks":{"a":1,"k":[{"i":{"x":0.833,"y":0.833},"o":{"x":0.167,"y":0.167},"t":-38,"s":[{"i":[[0,0],[0,0],[0,0],[0,0]],"o":[[0,0],[0,0],[0,0],[0,0]],"v":[[6.9,3.75],[6.625,3.625],[14.75,-3.625],[14.5,-3.75]],"c":true}]},{"t":-9.00000036657752,"s":[{"i":[[0,0],[0,0],[0,0],[0,0]],"o":[[0,0],[0,0],[0,0],[0,0]],"v":[[6.9,3.75],[-14.5,3.75],[-7,-3.75],[14.5,-3.75]],"c":true}]}],"ix":2},"nm":"Path 1","mn":"ADBE Vector Shape - Group","hd":false},{"ty":"fl","c":{"a":0,"k":[1,1,1,1],"ix":4},"o":{"a":0,"k":100,"ix":5},"r":1,"bm":0,"nm":"Fill 1","mn":"ADBE Vector Graphic - Fill","hd":false},{"ty":"tr","p":{"a":0,"k":[0,0],"ix":2},"a":{"a":0,"k":[0,0],"ix":1},"s":{"a":0,"k":[100,100],"ix":3},"r":{"a":0,"k":0,"ix":6},"o":{"a":0,"k":100,"ix":7},"sk":{"a":0,"k":0,"ix":4},"sa":{"a":0,"k":0,"ix":5},"nm":"Transform"}],"nm":"Group 1","np":2,"cix":2,"bm":0,"ix":1,"mn":"ADBE Vector Group","hd":false}],"ip":-52.0000021180034,"op":188.000007657397,"st":-52.0000021180034,"bm":0},{"ddd":0,"ind":26,"ty":4,"nm":"Layer 5","sr":1,"ks":{"o":{"a":0,"k":100,"ix":11},"r":{"a":0,"k":0,"ix":10},"p":{"a":0,"k":[139.604,236.057,0],"ix":2},"a":{"a":0,"k":[0,0,0],"ix":1},"s":{"a":0,"k":[100,100,100],"ix":6}},"ao":0,"shapes":[{"ty":"gr","it":[{"ind":0,"ty":"sh","ix":1,"ks":{"a":1,"k":[{"i":{"x":0.833,"y":0.833},"o":{"x":0.167,"y":0.167},"t":-38,"s":[{"i":[[0,0],[0,0],[0,0],[0,0]],"o":[[0,0],[0,0],[0,0],[0,0]],"v":[[6.9,3.75],[6.625,3.625],[14.75,-3.625],[14.5,-3.75]],"c":true}]},{"t":-9.00000036657752,"s":[{"i":[[0,0],[0,0],[0,0],[0,0]],"o":[[0,0],[0,0],[0,0],[0,0]],"v":[[6.9,3.75],[-14.5,3.75],[-7,-3.75],[14.5,-3.75]],"c":true}]}],"ix":2},"nm":"Path 1","mn":"ADBE Vector Shape - Group","hd":false},{"ty":"fl","c":{"a":0,"k":[1,1,1,1],"ix":4},"o":{"a":0,"k":100,"ix":5},"r":1,"bm":0,"nm":"Fill 1","mn":"ADBE Vector Graphic - Fill","hd":false},{"ty":"tr","p":{"a":0,"k":[0,0],"ix":2},"a":{"a":0,"k":[0,0],"ix":1},"s":{"a":0,"k":[100,100],"ix":3},"r":{"a":0,"k":0,"ix":6},"o":{"a":0,"k":100,"ix":7},"sk":{"a":0,"k":0,"ix":4},"sa":{"a":0,"k":0,"ix":5},"nm":"Transform"}],"nm":"Group 1","np":2,"cix":2,"bm":0,"ix":1,"mn":"ADBE Vector Group","hd":false}],"ip":-52.0000021180034,"op":188.000007657397,"st":-52.0000021180034,"bm":0},{"ddd":0,"ind":27,"ty":4,"nm":"Layer 3","sr":1,"ks":{"o":{"a":0,"k":100,"ix":11},"r":{"a":0,"k":0,"ix":10},"p":{"a":0,"k":[151.904,220.257,0],"ix":2},"a":{"a":0,"k":[0,0,0],"ix":1},"s":{"a":0,"k":[100,100,100],"ix":6}},"ao":0,"shapes":[{"ty":"gr","it":[{"ind":0,"ty":"sh","ix":1,"ks":{"a":0,"k":{"i":[[0,0],[0,0],[0,0],[0,0]],"o":[[0,0],[0,0],[0,0],[0,0]],"v":[[45.7,24.45],[-95.2,24.45],[-45.7,-24.45],[95.2,-24.45]],"c":true},"ix":2},"nm":"Path 1","mn":"ADBE Vector Shape - Group","hd":false},{"ty":"fl","c":{"a":0,"k":[0.011764706112,0,0.278431385756,1],"ix":4},"o":{"a":0,"k":100,"ix":5},"r":1,"bm":0,"nm":"Fill 1","mn":"ADBE Vector Graphic - Fill","hd":false},{"ty":"tr","p":{"a":0,"k":[0,0],"ix":2},"a":{"a":0,"k":[0,0],"ix":1},"s":{"a":0,"k":[100,100],"ix":3},"r":{"a":0,"k":0,"ix":6},"o":{"a":0,"k":100,"ix":7},"sk":{"a":0,"k":0,"ix":4},"sa":{"a":0,"k":0,"ix":5},"nm":"Transform"}],"nm":"Group 1","np":2,"cix":2,"bm":0,"ix":1,"mn":"ADBE Vector Group","hd":false}],"ip":0,"op":240.0000097754,"st":0,"bm":0},{"ddd":0,"ind":28,"ty":4,"nm":"Layer 2","sr":1,"ks":{"o":{"a":0,"k":100,"ix":11},"r":{"a":0,"k":0,"ix":10},"p":{"a":0,"k":[200,200,0],"ix":2},"a":{"a":0,"k":[0,0,0],"ix":1},"s":{"a":0,"k":[100,100,100],"ix":6}},"ao":0,"shapes":[{"ty":"gr","it":[{"ind":0,"ty":"sh","ix":1,"ks":{"a":0,"k":{"i":[[0,0],[1.4,-1.4],[0,0],[-1.2,-2.9],[-3.1,0],[0,0],[-1.4,1.4],[0,0],[1.2,2.9],[3.1,0]],"o":[[-2,0],[0,0],[-2.2,2.2],[1.2,2.9],[0,0],[2,0],[0,0],[2.2,-2.2],[-1.2,-2.9],[0,0]],"v":[[-101.196,-6.493],[-106.496,-4.293],[-153.696,42.407],[-155.396,50.607],[-148.396,55.307],[10.204,55.307],[15.504,53.107],[62.704,6.407],[64.404,-1.793],[57.404,-6.493]],"c":true},"ix":2},"nm":"Path 1","mn":"ADBE Vector Shape - Group","hd":false},{"ind":1,"ty":"sh","ix":2,"ks":{"a":0,"k":{"i":[[2.4,0],[0,0],[1.5,3.5],[-2.7,2.7],[0,0],[-2.4,0],[0,0],[-1.5,-3.5],[2.7,-2.7],[0,0]],"o":[[0,0],[-3.7,0],[-1.4,-3.5],[0,0],[1.7,-1.7],[0,0],[3.7,0],[1.4,3.5],[0,0],[-1.7,1.7]],"v":[[10.204,56.807],[-148.396,56.807],[-156.796,51.207],[-154.796,41.307],[-107.596,-5.393],[-101.196,-7.993],[57.404,-7.993],[65.804,-2.393],[63.804,7.507],[16.604,54.207]],"c":true},"ix":2},"nm":"Path 2","mn":"ADBE Vector Shape - Group","hd":false},{"ty":"fl","c":{"a":0,"k":[0.011764706112,0,0.278431385756,1],"ix":4},"o":{"a":0,"k":100,"ix":5},"r":1,"bm":0,"nm":"Fill 1","mn":"ADBE Vector Graphic - Fill","hd":false},{"ty":"tr","p":{"a":0,"k":[0,0],"ix":2},"a":{"a":0,"k":[0,0],"ix":1},"s":{"a":0,"k":[100,100],"ix":3},"r":{"a":0,"k":0,"ix":6},"o":{"a":0,"k":100,"ix":7},"sk":{"a":0,"k":0,"ix":4},"sa":{"a":0,"k":0,"ix":5},"nm":"Transform"}],"nm":"Group 1","np":3,"cix":2,"bm":0,"ix":1,"mn":"ADBE Vector Group","hd":false}],"ip":0,"op":240.0000097754,"st":0,"bm":0},{"ddd":0,"ind":29,"ty":4,"nm":"Layer 1","sr":1,"ks":{"o":{"a":0,"k":100,"ix":11},"r":{"a":0,"k":0,"ix":10},"p":{"a":0,"k":[154.504,224.357,0],"ix":2},"a":{"a":0,"k":[0,0,0],"ix":1},"s":{"a":0,"k":[100,100,100],"ix":6}},"ao":0,"shapes":[{"ty":"gr","it":[{"ind":0,"ty":"sh","ix":1,"ks":{"a":0,"k":{"i":[[2.2,0],[0,0],[-5.3,5.2],[0,0],[-2.2,0],[0,0],[5.3,-5.2],[0,0]],"o":[[0,0],[-7.4,0],[0,0],[1.6,-1.5],[0,0],[7.4,0],[0,0],[-1.5,1.6]],"v":[[55.7,31.65],[-102.9,31.65],[-108.7,17.45],[-61.5,-29.25],[-55.7,-31.65],[102.9,-31.65],[108.7,-17.45],[61.5,29.25]],"c":true},"ix":2},"nm":"Path 1","mn":"ADBE Vector Shape - Group","hd":false},{"ty":"fl","c":{"a":0,"k":[1,1,1,1],"ix":4},"o":{"a":0,"k":100,"ix":5},"r":1,"bm":0,"nm":"Fill 1","mn":"ADBE Vector Graphic - Fill","hd":false},{"ty":"tr","p":{"a":0,"k":[0,0],"ix":2},"a":{"a":0,"k":[0,0],"ix":1},"s":{"a":0,"k":[100,100],"ix":3},"r":{"a":0,"k":0,"ix":6},"o":{"a":0,"k":100,"ix":7},"sk":{"a":0,"k":0,"ix":4},"sa":{"a":0,"k":0,"ix":5},"nm":"Transform"}],"nm":"Group 1","np":2,"cix":2,"bm":0,"ix":1,"mn":"ADBE Vector Group","hd":false}],"ip":0,"op":240.0000097754,"st":0,"bm":0}],"markers":[]}