{"nm":"step 2 animation","ddd":0,"h":180,"w":275,"meta":{"g":"LottieFiles Figma v86"},"layers":[{"ty":0,"nm":"phone","sr":1,"st":0,"op":217.78,"ip":0,"hd":false,"ddd":0,"bm":0,"hasMask":true,"ao":0,"ks":{"a":{"a":0,"k":[48.65,48.65]},"s":{"a":0,"k":[100,100]},"sk":{"a":0,"k":0},"p":{"a":1,"k":[{"o":{"x":0.65,"y":0},"i":{"x":0.35,"y":0},"s":[46.47,97.33],"t":0},{"o":{"x":0.65,"y":0},"i":{"x":0.35,"y":0},"s":[58.33,97.33],"t":48},{"o":{"x":0.65,"y":0},"i":{"x":0.35,"y":0},"s":[58.33,97.33],"t":60},{"o":{"x":0.65,"y":0},"i":{"x":0.35,"y":0},"s":[58.33,97.33],"t":72},{"o":{"x":0.65,"y":0},"i":{"x":0.35,"y":0},"s":[58.33,97.33],"t":84},{"o":{"x":0.65,"y":0},"i":{"x":0.35,"y":0},"s":[58.33,97.33],"t":96},{"o":{"x":0.65,"y":0},"i":{"x":0.35,"y":0},"s":[58.33,97.33],"t":108},{"o":{"x":0.65,"y":0},"i":{"x":0.35,"y":0},"s":[58.33,97.33],"t":120},{"o":{"x":0.65,"y":0},"i":{"x":0.35,"y":0},"s":[58.33,97.33],"t":132},{"o":{"x":0.65,"y":0},"i":{"x":0.35,"y":0},"s":[58.33,97.33],"t":144},{"o":{"x":0.65,"y":0},"i":{"x":0.35,"y":0},"s":[58.33,97.33],"t":145},{"o":{"x":0.65,"y":0},"i":{"x":0.35,"y":0},"s":[58.33,97.33],"t":157},{"o":{"x":0.65,"y":0},"i":{"x":0.35,"y":0},"s":[58.33,97.33],"t":169},{"o":{"x":0.65,"y":0},"i":{"x":0.35,"y":0},"s":[58.33,97.33],"t":181},{"o":{"x":0.65,"y":0},"i":{"x":0.35,"y":0},"s":[58.33,97.33],"t":193},{"o":{"x":0.65,"y":0},"i":{"x":0.35,"y":0},"s":[58.33,97.33],"t":205},{"s":[58.33,97.33],"t":217}]},"r":{"a":0,"k":5.82},"sa":{"a":0,"k":0},"o":{"a":0,"k":100}},"masksProperties":[{"nm":"","inv":false,"mode":"a","x":{"a":0,"k":0},"o":{"a":0,"k":100},"pt":{"a":1,"k":[{"o":{"x":0.65,"y":0},"i":{"x":0.35,"y":0},"s":[{"c":true,"i":[[0,0],[0,0],[0,0],[0,0]],"o":[[0,0],[0,0],[0,0],[0,0]],"v":[[97.31,0],[97.31,97.31],[0,97.31],[0,0]]}],"t":0},{"o":{"x":0.65,"y":0},"i":{"x":0.35,"y":0},"s":[{"c":true,"i":[[0,0],[0,0],[0,0],[0,0]],"o":[[0,0],[0,0],[0,0],[0,0]],"v":[[97.31,0],[97.31,97.31],[0,97.31],[0,0]]}],"t":48},{"o":{"x":0.65,"y":0},"i":{"x":0.35,"y":0},"s":[{"c":true,"i":[[0,0],[0,0],[0,0],[0,0]],"o":[[0,0],[0,0],[0,0],[0,0]],"v":[[97.31,0],[97.31,97.31],[0,97.31],[0,0]]}],"t":60},{"o":{"x":0.65,"y":0},"i":{"x":0.35,"y":0},"s":[{"c":true,"i":[[0,0],[0,0],[0,0],[0,0]],"o":[[0,0],[0,0],[0,0],[0,0]],"v":[[97.31,0],[97.31,97.31],[0,97.31],[0,0]]}],"t":72},{"o":{"x":0.65,"y":0},"i":{"x":0.35,"y":0},"s":[{"c":true,"i":[[0,0],[0,0],[0,0],[0,0]],"o":[[0,0],[0,0],[0,0],[0,0]],"v":[[97.31,0],[97.31,97.31],[0,97.31],[0,0]]}],"t":84},{"o":{"x":0.65,"y":0},"i":{"x":0.35,"y":0},"s":[{"c":true,"i":[[0,0],[0,0],[0,0],[0,0]],"o":[[0,0],[0,0],[0,0],[0,0]],"v":[[97.31,0],[97.31,97.31],[0,97.31],[0,0]]}],"t":96},{"o":{"x":0.65,"y":0},"i":{"x":0.35,"y":0},"s":[{"c":true,"i":[[0,0],[0,0],[0,0],[0,0]],"o":[[0,0],[0,0],[0,0],[0,0]],"v":[[97.31,0],[97.31,97.31],[0,97.31],[0,0]]}],"t":108},{"o":{"x":0.65,"y":0},"i":{"x":0.35,"y":0},"s":[{"c":true,"i":[[0,0],[0,0],[0,0],[0,0]],"o":[[0,0],[0,0],[0,0],[0,0]],"v":[[97.31,0],[97.31,97.31],[0,97.31],[0,0]]}],"t":120},{"o":{"x":0.65,"y":0},"i":{"x":0.35,"y":0},"s":[{"c":true,"i":[[0,0],[0,0],[0,0],[0,0]],"o":[[0,0],[0,0],[0,0],[0,0]],"v":[[97.31,0],[97.31,97.31],[0,97.31],[0,0]]}],"t":132},{"o":{"x":0.65,"y":0},"i":{"x":0.35,"y":0},"s":[{"c":true,"i":[[0,0],[0,0],[0,0],[0,0]],"o":[[0,0],[0,0],[0,0],[0,0]],"v":[[97.31,0],[97.31,97.31],[0,97.31],[0,0]]}],"t":144},{"o":{"x":0.65,"y":0},"i":{"x":0.35,"y":0},"s":[{"c":true,"i":[[0,0],[0,0],[0,0],[0,0]],"o":[[0,0],[0,0],[0,0],[0,0]],"v":[[97.31,0],[97.31,97.31],[0,97.31],[0,0]]}],"t":145},{"o":{"x":0.65,"y":0},"i":{"x":0.35,"y":0},"s":[{"c":true,"i":[[0,0],[0,0],[0,0],[0,0]],"o":[[0,0],[0,0],[0,0],[0,0]],"v":[[97.31,0],[97.31,97.31],[0,97.31],[0,0]]}],"t":157},{"o":{"x":0.65,"y":0},"i":{"x":0.35,"y":0},"s":[{"c":true,"i":[[0,0],[0,0],[0,0],[0,0]],"o":[[0,0],[0,0],[0,0],[0,0]],"v":[[97.31,0],[97.31,97.31],[0,97.31],[0,0]]}],"t":169},{"o":{"x":0.65,"y":0},"i":{"x":0.35,"y":0},"s":[{"c":true,"i":[[0,0],[0,0],[0,0],[0,0]],"o":[[0,0],[0,0],[0,0],[0,0]],"v":[[97.31,0],[97.31,97.31],[0,97.31],[0,0]]}],"t":181},{"o":{"x":0.65,"y":0},"i":{"x":0.35,"y":0},"s":[{"c":true,"i":[[0,0],[0,0],[0,0],[0,0]],"o":[[0,0],[0,0],[0,0],[0,0]],"v":[[97.31,0],[97.31,97.31],[0,97.31],[0,0]]}],"t":193},{"o":{"x":0.65,"y":0},"i":{"x":0.35,"y":0},"s":[{"c":true,"i":[[0,0],[0,0],[0,0],[0,0]],"o":[[0,0],[0,0],[0,0],[0,0]],"v":[[97.31,0],[97.31,97.31],[0,97.31],[0,0]]}],"t":205},{"s":[{"c":true,"i":[[0,0],[0,0],[0,0],[0,0]],"o":[[0,0],[0,0],[0,0],[0,0]],"v":[[97.31,0],[97.31,97.31],[0,97.31],[0,0]]}],"t":217}]}}],"w":275,"h":180,"refId":"1","ind":1},{"ty":0,"nm":"sound","sr":1,"st":0,"op":217.78,"ip":0,"hd":false,"ddd":0,"bm":0,"hasMask":true,"ao":0,"ks":{"a":{"a":0,"k":[19.5,26]},"s":{"a":0,"k":[100,-100]},"sk":{"a":0,"k":0},"p":{"a":0,"k":[118.51,118.51]},"r":{"a":0,"k":175.28},"sa":{"a":0,"k":0},"o":{"a":0,"k":100}},"masksProperties":[{"nm":"","inv":false,"mode":"a","x":{"a":0,"k":0},"o":{"a":0,"k":100},"pt":{"a":1,"k":[{"o":{"x":0.65,"y":0},"i":{"x":0.35,"y":0},"s":[{"c":true,"i":[[0,0],[0,0],[0,0],[0,0]],"o":[[0,0],[0,0],[0,0],[0,0]],"v":[[39,0],[39,52],[0,52],[0,0]]}],"t":0},{"o":{"x":0.65,"y":0},"i":{"x":0.35,"y":0},"s":[{"c":true,"i":[[0,0],[0,0],[0,0],[0,0]],"o":[[0,0],[0,0],[0,0],[0,0]],"v":[[39,0],[39,52],[0,52],[0,0]]}],"t":48},{"o":{"x":0.65,"y":0},"i":{"x":0.35,"y":0},"s":[{"c":true,"i":[[0,0],[0,0],[0,0],[0,0]],"o":[[0,0],[0,0],[0,0],[0,0]],"v":[[39,0],[39,52],[0,52],[0,0]]}],"t":60},{"o":{"x":0.65,"y":0},"i":{"x":0.35,"y":0},"s":[{"c":true,"i":[[0,0],[0,0],[0,0],[0,0]],"o":[[0,0],[0,0],[0,0],[0,0]],"v":[[39,0],[39,52],[0,52],[0,0]]}],"t":72},{"o":{"x":0.65,"y":0},"i":{"x":0.35,"y":0},"s":[{"c":true,"i":[[0,0],[0,0],[0,0],[0,0]],"o":[[0,0],[0,0],[0,0],[0,0]],"v":[[39,0],[39,52],[0,52],[0,0]]}],"t":84},{"o":{"x":0.65,"y":0},"i":{"x":0.35,"y":0},"s":[{"c":true,"i":[[0,0],[0,0],[0,0],[0,0]],"o":[[0,0],[0,0],[0,0],[0,0]],"v":[[39,0],[39,52],[0,52],[0,0]]}],"t":96},{"o":{"x":0.65,"y":0},"i":{"x":0.35,"y":0},"s":[{"c":true,"i":[[0,0],[0,0],[0,0],[0,0]],"o":[[0,0],[0,0],[0,0],[0,0]],"v":[[39,0],[39,52],[0,52],[0,0]]}],"t":108},{"o":{"x":0.65,"y":0},"i":{"x":0.35,"y":0},"s":[{"c":true,"i":[[0,0],[0,0],[0,0],[0,0]],"o":[[0,0],[0,0],[0,0],[0,0]],"v":[[39,0],[39,52],[0,52],[0,0]]}],"t":120},{"o":{"x":0.65,"y":0},"i":{"x":0.35,"y":0},"s":[{"c":true,"i":[[0,0],[0,0],[0,0],[0,0]],"o":[[0,0],[0,0],[0,0],[0,0]],"v":[[39,0],[39,52],[0,52],[0,0]]}],"t":132},{"o":{"x":0.65,"y":0},"i":{"x":0.35,"y":0},"s":[{"c":true,"i":[[0,0],[0,0],[0,0],[0,0]],"o":[[0,0],[0,0],[0,0],[0,0]],"v":[[39,0],[39,52],[0,52],[0,0]]}],"t":144},{"o":{"x":0.65,"y":0},"i":{"x":0.35,"y":0},"s":[{"c":true,"i":[[0,0],[0,0],[0,0],[0,0]],"o":[[0,0],[0,0],[0,0],[0,0]],"v":[[39,0],[39,52],[0,52],[0,0]]}],"t":145},{"o":{"x":0.65,"y":0},"i":{"x":0.35,"y":0},"s":[{"c":true,"i":[[0,0],[0,0],[0,0],[0,0]],"o":[[0,0],[0,0],[0,0],[0,0]],"v":[[39,0],[39,52],[0,52],[0,0]]}],"t":157},{"o":{"x":0.65,"y":0},"i":{"x":0.35,"y":0},"s":[{"c":true,"i":[[0,0],[0,0],[0,0],[0,0]],"o":[[0,0],[0,0],[0,0],[0,0]],"v":[[39,0],[39,52],[0,52],[0,0]]}],"t":169},{"o":{"x":0.65,"y":0},"i":{"x":0.35,"y":0},"s":[{"c":true,"i":[[0,0],[0,0],[0,0],[0,0]],"o":[[0,0],[0,0],[0,0],[0,0]],"v":[[39,0],[39,52],[0,52],[0,0]]}],"t":181},{"o":{"x":0.65,"y":0},"i":{"x":0.35,"y":0},"s":[{"c":true,"i":[[0,0],[0,0],[0,0],[0,0]],"o":[[0,0],[0,0],[0,0],[0,0]],"v":[[39,0],[39,52],[0,52],[0,0]]}],"t":193},{"o":{"x":0.65,"y":0},"i":{"x":0.35,"y":0},"s":[{"c":true,"i":[[0,0],[0,0],[0,0],[0,0]],"o":[[0,0],[0,0],[0,0],[0,0]],"v":[[39,0],[39,52],[0,52],[0,0]]}],"t":205},{"s":[{"c":true,"i":[[0,0],[0,0],[0,0],[0,0]],"o":[[0,0],[0,0],[0,0],[0,0]],"v":[[39,0],[39,52],[0,52],[0,0]]}],"t":217}]}}],"w":275,"h":180,"refId":"4","ind":2},{"ty":0,"nm":"head","sr":1,"st":0,"op":217.78,"ip":0,"hd":false,"ddd":0,"bm":0,"hasMask":true,"ao":0,"ks":{"a":{"a":0,"k":[55.5,74.5]},"s":{"a":0,"k":[100,100]},"sk":{"a":0,"k":0},"p":{"a":1,"k":[{"o":{"x":0.65,"y":0},"i":{"x":0.35,"y":0},"s":[211.54,86.46],"t":0},{"o":{"x":0.65,"y":0},"i":{"x":0.35,"y":0},"s":[201.54,86.46],"t":48},{"o":{"x":0.65,"y":0},"i":{"x":0.35,"y":0},"s":[201.54,86.46],"t":60},{"o":{"x":0.65,"y":0},"i":{"x":0.35,"y":0},"s":[201.54,86.46],"t":72},{"o":{"x":0.65,"y":0},"i":{"x":0.35,"y":0},"s":[201.54,86.46],"t":84},{"o":{"x":0.65,"y":0},"i":{"x":0.35,"y":0},"s":[201.54,86.46],"t":96},{"o":{"x":0.65,"y":0},"i":{"x":0.35,"y":0},"s":[201.54,86.46],"t":108},{"o":{"x":0.65,"y":0},"i":{"x":0.35,"y":0},"s":[201.54,86.46],"t":120},{"o":{"x":0.65,"y":0},"i":{"x":0.35,"y":0},"s":[201.54,86.46],"t":132},{"o":{"x":0.65,"y":0},"i":{"x":0.35,"y":0},"s":[201.54,86.46],"t":144},{"o":{"x":0.65,"y":0},"i":{"x":0.35,"y":0},"s":[201.54,86.46],"t":145},{"o":{"x":0.65,"y":0},"i":{"x":0.35,"y":0},"s":[201.54,86.46],"t":157},{"o":{"x":0.65,"y":0},"i":{"x":0.35,"y":0},"s":[201.54,86.46],"t":169},{"o":{"x":0.65,"y":0},"i":{"x":0.35,"y":0},"s":[201.54,86.46],"t":181},{"o":{"x":0.65,"y":0},"i":{"x":0.35,"y":0},"s":[201.54,86.46],"t":193},{"o":{"x":0.65,"y":0},"i":{"x":0.35,"y":0},"s":[201.54,86.46],"t":205},{"s":[201.54,86.46],"t":217}]},"r":{"a":0,"k":-3.17},"sa":{"a":0,"k":0},"o":{"a":0,"k":100}},"masksProperties":[{"nm":"","inv":false,"mode":"a","x":{"a":0,"k":0},"o":{"a":0,"k":100},"pt":{"a":1,"k":[{"o":{"x":0.65,"y":0},"i":{"x":0.35,"y":0},"s":[{"c":true,"i":[[0,0],[0,0],[0,0],[0,0]],"o":[[0,0],[0,0],[0,0],[0,0]],"v":[[111,0],[111,149],[0,149],[0,0]]}],"t":0},{"o":{"x":0.65,"y":0},"i":{"x":0.35,"y":0},"s":[{"c":true,"i":[[0,0],[0,0],[0,0],[0,0]],"o":[[0,0],[0,0],[0,0],[0,0]],"v":[[111,0],[111,149],[0,149],[0,0]]}],"t":48},{"o":{"x":0.65,"y":0},"i":{"x":0.35,"y":0},"s":[{"c":true,"i":[[0,0],[0,0],[0,0],[0,0]],"o":[[0,0],[0,0],[0,0],[0,0]],"v":[[111,0],[111,149],[0,149],[0,0]]}],"t":60},{"o":{"x":0.65,"y":0},"i":{"x":0.35,"y":0},"s":[{"c":true,"i":[[0,0],[0,0],[0,0],[0,0]],"o":[[0,0],[0,0],[0,0],[0,0]],"v":[[111,0],[111,149],[0,149],[0,0]]}],"t":72},{"o":{"x":0.65,"y":0},"i":{"x":0.35,"y":0},"s":[{"c":true,"i":[[0,0],[0,0],[0,0],[0,0]],"o":[[0,0],[0,0],[0,0],[0,0]],"v":[[111,0],[111,149],[0,149],[0,0]]}],"t":84},{"o":{"x":0.65,"y":0},"i":{"x":0.35,"y":0},"s":[{"c":true,"i":[[0,0],[0,0],[0,0],[0,0]],"o":[[0,0],[0,0],[0,0],[0,0]],"v":[[111,0],[111,149],[0,149],[0,0]]}],"t":96},{"o":{"x":0.65,"y":0},"i":{"x":0.35,"y":0},"s":[{"c":true,"i":[[0,0],[0,0],[0,0],[0,0]],"o":[[0,0],[0,0],[0,0],[0,0]],"v":[[111,0],[111,149],[0,149],[0,0]]}],"t":108},{"o":{"x":0.65,"y":0},"i":{"x":0.35,"y":0},"s":[{"c":true,"i":[[0,0],[0,0],[0,0],[0,0]],"o":[[0,0],[0,0],[0,0],[0,0]],"v":[[111,0],[111,149],[0,149],[0,0]]}],"t":120},{"o":{"x":0.65,"y":0},"i":{"x":0.35,"y":0},"s":[{"c":true,"i":[[0,0],[0,0],[0,0],[0,0]],"o":[[0,0],[0,0],[0,0],[0,0]],"v":[[111,0],[111,149],[0,149],[0,0]]}],"t":132},{"o":{"x":0.65,"y":0},"i":{"x":0.35,"y":0},"s":[{"c":true,"i":[[0,0],[0,0],[0,0],[0,0]],"o":[[0,0],[0,0],[0,0],[0,0]],"v":[[111,0],[111,149],[0,149],[0,0]]}],"t":144},{"o":{"x":0.65,"y":0},"i":{"x":0.35,"y":0},"s":[{"c":true,"i":[[0,0],[0,0],[0,0],[0,0]],"o":[[0,0],[0,0],[0,0],[0,0]],"v":[[111,0],[111,149],[0,149],[0,0]]}],"t":145},{"o":{"x":0.65,"y":0},"i":{"x":0.35,"y":0},"s":[{"c":true,"i":[[0,0],[0,0],[0,0],[0,0]],"o":[[0,0],[0,0],[0,0],[0,0]],"v":[[111,0],[111,149],[0,149],[0,0]]}],"t":157},{"o":{"x":0.65,"y":0},"i":{"x":0.35,"y":0},"s":[{"c":true,"i":[[0,0],[0,0],[0,0],[0,0]],"o":[[0,0],[0,0],[0,0],[0,0]],"v":[[111,0],[111,149],[0,149],[0,0]]}],"t":169},{"o":{"x":0.65,"y":0},"i":{"x":0.35,"y":0},"s":[{"c":true,"i":[[0,0],[0,0],[0,0],[0,0]],"o":[[0,0],[0,0],[0,0],[0,0]],"v":[[111,0],[111,149],[0,149],[0,0]]}],"t":181},{"o":{"x":0.65,"y":0},"i":{"x":0.35,"y":0},"s":[{"c":true,"i":[[0,0],[0,0],[0,0],[0,0]],"o":[[0,0],[0,0],[0,0],[0,0]],"v":[[111,0],[111,149],[0,149],[0,0]]}],"t":193},{"o":{"x":0.65,"y":0},"i":{"x":0.35,"y":0},"s":[{"c":true,"i":[[0,0],[0,0],[0,0],[0,0]],"o":[[0,0],[0,0],[0,0],[0,0]],"v":[[111,0],[111,149],[0,149],[0,0]]}],"t":205},{"s":[{"c":true,"i":[[0,0],[0,0],[0,0],[0,0]],"o":[[0,0],[0,0],[0,0],[0,0]],"v":[[111,0],[111,149],[0,149],[0,0]]}],"t":217}]}}],"w":275,"h":180,"refId":"6","ind":3}],"v":"5.7.0","fr":60,"op":216.78,"ip":0,"assets":[{"nm":"[Asset] phone","id":"1","layers":[{"ty":0,"nm":"Group","sr":1,"st":0,"op":217.78,"ip":0,"hd":false,"ddd":0,"bm":0,"hasMask":false,"ao":0,"ks":{"a":{"a":0,"k":[27.53,47.89]},"s":{"a":0,"k":[100,100]},"sk":{"a":0,"k":0},"p":{"a":0,"k":[48.65,48.65]},"r":{"a":0,"k":0},"sa":{"a":0,"k":0},"o":{"a":1,"k":[{"o":{"x":0.65,"y":0},"i":{"x":0.35,"y":0},"s":[0],"t":0},{"o":{"x":0.65,"y":0},"i":{"x":0.35,"y":0},"s":[100],"t":48},{"o":{"x":0.65,"y":0},"i":{"x":0.35,"y":0},"s":[100],"t":60},{"o":{"x":0.65,"y":0},"i":{"x":0.35,"y":0},"s":[100],"t":72},{"o":{"x":0.65,"y":0},"i":{"x":0.35,"y":0},"s":[100],"t":84},{"o":{"x":0.65,"y":0},"i":{"x":0.35,"y":0},"s":[100],"t":96},{"o":{"x":0.65,"y":0},"i":{"x":0.35,"y":0},"s":[100],"t":108},{"o":{"x":0.65,"y":0},"i":{"x":0.35,"y":0},"s":[100],"t":120},{"o":{"x":0.65,"y":0},"i":{"x":0.35,"y":0},"s":[100],"t":132},{"o":{"x":0.65,"y":0},"i":{"x":0.35,"y":0},"s":[100],"t":144},{"o":{"x":0.65,"y":0},"i":{"x":0.35,"y":0},"s":[100],"t":145},{"o":{"x":0.65,"y":0},"i":{"x":0.35,"y":0},"s":[100],"t":157},{"o":{"x":0.65,"y":0},"i":{"x":0.35,"y":0},"s":[100],"t":169},{"o":{"x":0.65,"y":0},"i":{"x":0.35,"y":0},"s":[100],"t":181},{"o":{"x":0.65,"y":0},"i":{"x":0.35,"y":0},"s":[100],"t":193},{"o":{"x":0.65,"y":0},"i":{"x":0.35,"y":0},"s":[100],"t":205},{"s":[100],"t":217}]}},"w":275,"h":180,"refId":"2","ind":1},{"ty":4,"nm":"phone Bg","sr":1,"st":0,"op":217.78,"ip":0,"hd":false,"ddd":0,"bm":0,"hasMask":false,"ao":0,"ks":{"a":{"a":0,"k":[48.65,48.65]},"s":{"a":0,"k":[100,100]},"sk":{"a":0,"k":0},"p":{"a":0,"k":[48.65,48.65]},"r":{"a":0,"k":0},"sa":{"a":0,"k":0},"o":{"a":0,"k":100}},"shapes":[{"ty":"sh","bm":0,"hd":false,"nm":"","d":1,"ks":{"a":0,"k":{"c":true,"i":[[0,0],[0,0],[0,0],[0,0]],"o":[[0,0],[0,0],[0,0],[0,0]],"v":[[97.31,0],[97.31,97.31],[0,97.31],[0,0]]}}},{"ty":"fl","bm":0,"hd":false,"nm":"","c":{"a":0,"k":[1,1,1]},"r":1,"o":{"a":0,"k":0}}],"ind":2}]},{"nm":"[Asset] Group","id":"2","layers":[{"ty":0,"nm":"Group","sr":1,"st":0,"op":217.78,"ip":0,"hd":false,"ddd":0,"bm":0,"hasMask":false,"ao":0,"ks":{"a":{"a":0,"k":[22.87,35.88]},"s":{"a":0,"k":[100,100]},"sk":{"a":0,"k":0},"p":{"a":0,"k":[27.53,46.25]},"r":{"a":0,"k":0},"sa":{"a":0,"k":0},"o":{"a":0,"k":50}},"w":275,"h":180,"refId":"3","ind":1},{"ty":4,"nm":"Vector","sr":1,"st":0,"op":217.78,"ip":0,"hd":false,"ddd":0,"bm":0,"hasMask":false,"ao":0,"ks":{"a":{"a":0,"k":[5.6,2.58]},"s":{"a":0,"k":[100,100]},"sk":{"a":0,"k":0},"p":{"a":0,"k":[27.53,88.79]},"r":{"a":0,"k":0},"sa":{"a":0,"k":0},"o":{"a":0,"k":100}},"shapes":[{"ty":"sh","bm":0,"hd":false,"nm":"","d":1,"ks":{"a":0,"k":{"c":true,"i":[[0,0],[0,0],[0,-0.38],[0,0],[-0.38,0],[0,0],[0,0.38],[0,0],[0.38,0]],"o":[[0,0],[-0.38,0],[0,0],[0,0.38],[0,0],[0.38,0],[0,0],[0,-0.38],[0,0]],"v":[[10.51,0],[0.69,0],[0,0.69],[0,4.46],[0.69,5.15],[10.51,5.15],[11.2,4.46],[11.2,0.69],[10.51,0]]}}},{"ty":"fl","bm":0,"hd":false,"nm":"","c":{"a":0,"k":[0.1844,0.2275,0.353]},"r":1,"o":{"a":0,"k":100}}],"ind":2},{"ty":4,"nm":"Vector","sr":1,"st":0,"op":217.78,"ip":0,"hd":false,"ddd":0,"bm":0,"hasMask":false,"ao":0,"ks":{"a":{"a":0,"k":[7.14,0.76]},"s":{"a":0,"k":[100,100]},"sk":{"a":0,"k":0},"p":{"a":0,"k":[27.53,5]},"r":{"a":0,"k":0},"sa":{"a":0,"k":0},"o":{"a":0,"k":100}},"shapes":[{"ty":"sh","bm":0,"hd":false,"nm":"","d":1,"ks":{"a":0,"k":{"c":true,"i":[[0,0],[0,0],[0.14,0.14],[0,0.2],[-0.14,0.14],[-0.2,0],[0,0],[-0.14,-0.14],[0,-0.2],[0.14,-0.14],[0.2,0]],"o":[[0,0],[-0.2,0],[-0.14,-0.14],[0,-0.2],[0.14,-0.14],[0,0],[0.2,0],[0.14,0.14],[0,0.2],[-0.14,0.14],[0,0]],"v":[[13.53,1.52],[0.76,1.52],[0.22,1.3],[0,0.76],[0.22,0.22],[0.76,0],[13.53,0],[14.07,0.22],[14.29,0.76],[14.07,1.3],[13.53,1.52]]}}},{"ty":"fl","bm":0,"hd":false,"nm":"","c":{"a":0,"k":[0.1844,0.2275,0.353]},"r":1,"o":{"a":0,"k":100}}],"ind":3},{"ty":4,"nm":"Vector","sr":1,"st":0,"op":217.78,"ip":0,"hd":false,"ddd":0,"bm":0,"hasMask":false,"ao":0,"ks":{"a":{"a":0,"k":[22.87,35.88]},"s":{"a":0,"k":[100,100]},"sk":{"a":0,"k":0},"p":{"a":0,"k":[27.53,46.25]},"r":{"a":0,"k":0},"sa":{"a":0,"k":0},"o":{"a":0,"k":100}},"shapes":[{"ty":"sh","bm":0,"hd":false,"nm":"","d":1,"ks":{"a":0,"k":{"c":true,"i":[[0,0],[0,0],[0.08,-0.19],[0.14,-0.14],[0.19,-0.08],[0.2,0],[0,0],[0.19,0.08],[0.14,0.14],[0.08,0.19],[0,0.2],[0,0],[-0.08,0.19],[-0.14,0.14],[-0.19,0.08],[-0.2,0],[0,0],[-0.19,-0.08],[-0.14,-0.14],[-0.08,-0.19],[0,-0.2]],"o":[[0,0],[0,0.2],[-0.08,0.19],[-0.14,0.14],[-0.19,0.08],[0,0],[-0.2,0],[-0.19,-0.08],[-0.14,-0.14],[-0.08,-0.19],[0,0],[0,-0.2],[0.08,-0.19],[0.14,-0.14],[0.19,-0.08],[0,0],[0.2,0],[0.19,0.08],[0.14,0.14],[0.08,0.19],[0,0]],"v":[[45.75,1.55],[45.75,70.21],[45.63,70.81],[45.3,71.31],[44.8,71.65],[44.21,71.76],[1.54,71.76],[0.95,71.65],[0.45,71.31],[0.12,70.81],[0,70.21],[0,1.55],[0.12,0.96],[0.45,0.46],[0.95,0.12],[1.54,0],[44.21,0],[44.8,0.12],[45.3,0.46],[45.63,0.96],[45.75,1.55]]}}},{"ty":"fl","bm":0,"hd":false,"nm":"","c":{"a":0,"k":[0.5491,0.753,0.953]},"r":1,"o":{"a":0,"k":100}}],"ind":4},{"ty":4,"nm":"Vector","sr":1,"st":0,"op":217.78,"ip":0,"hd":false,"ddd":0,"bm":0,"hasMask":false,"ao":0,"ks":{"a":{"a":0,"k":[27.53,47.89]},"s":{"a":0,"k":[100,100]},"sk":{"a":0,"k":0},"p":{"a":0,"k":[27.53,47.89]},"r":{"a":0,"k":0},"sa":{"a":0,"k":0},"o":{"a":0,"k":100}},"shapes":[{"ty":"sh","bm":0,"hd":false,"nm":"","d":1,"ks":{"a":0,"k":{"c":true,"i":[[0,0],[0,0],[0,-4.99],[0,0],[-4.99,0],[0,0],[0,4.99],[0,0],[4.99,0]],"o":[[0,0],[-4.99,0],[0,0],[0,4.99],[0,0],[4.99,0],[0,0],[0,-4.99],[0,0]],"v":[[46.02,0],[9.04,0],[0,9.04],[0,86.75],[9.04,95.79],[46.02,95.79],[55.06,86.75],[55.06,9.04],[46.02,0]]}}},{"ty":"fl","bm":0,"hd":false,"nm":"","c":{"a":0,"k":[0.2628,0.3373,0.4863]},"r":1,"o":{"a":0,"k":100}}],"ind":5}]},{"nm":"[Asset] Group","id":"3","layers":[{"ty":4,"nm":"Vector","sr":1,"st":0,"op":217.78,"ip":0,"hd":false,"ddd":0,"bm":0,"hasMask":false,"ao":0,"ks":{"a":{"a":0,"k":[22.87,35.88]},"s":{"a":0,"k":[100,100]},"sk":{"a":0,"k":0},"p":{"a":0,"k":[22.87,35.88]},"r":{"a":0,"k":0},"sa":{"a":0,"k":0},"o":{"a":0,"k":100}},"shapes":[{"ty":"sh","bm":0,"hd":false,"nm":"","d":1,"ks":{"a":0,"k":{"c":true,"i":[[0,0],[0,0],[0,0],[0,0],[0,0]],"o":[[0,0],[0,0],[0,0],[0,0],[0,0]],"v":[[41.55,0],[0,69.52],[0,58.67],[35.06,0],[41.55,0]]}}},{"ty":"sh","bm":0,"hd":false,"nm":"","d":1,"ks":{"a":0,"k":{"c":true,"i":[[0,0],[0,0],[0,0],[0,0],[0,0]],"o":[[0,0],[0,0],[0,0],[0,0],[0,0]],"v":[[45.75,3.33],[45.75,8.75],[8.09,71.76],[4.85,71.76],[45.75,3.33]]}}},{"ty":"fl","bm":0,"hd":false,"nm":"","c":{"a":0,"k":[0.8824,0.902,0.9138]},"r":1,"o":{"a":0,"k":100}}],"ind":1}]},{"nm":"[Asset] sound","id":"4","layers":[{"ty":0,"nm":"Group","sr":1,"st":0,"op":217.78,"ip":0,"hd":false,"ddd":0,"bm":0,"hasMask":false,"ao":0,"ks":{"a":{"a":0,"k":[18.77,25.89]},"s":{"a":0,"k":[100,100]},"sk":{"a":0,"k":0},"p":{"a":0,"k":[18.77,26.05]},"r":{"a":0,"k":0},"sa":{"a":0,"k":0},"o":{"a":0,"k":100}},"w":275,"h":180,"refId":"5","ind":1},{"ty":4,"nm":"sound Bg","sr":1,"st":0,"op":217.78,"ip":0,"hd":false,"ddd":0,"bm":0,"hasMask":false,"ao":0,"ks":{"a":{"a":0,"k":[19.5,26]},"s":{"a":0,"k":[100,100]},"sk":{"a":0,"k":0},"p":{"a":0,"k":[19.5,26]},"r":{"a":0,"k":0},"sa":{"a":0,"k":0},"o":{"a":0,"k":100}},"shapes":[{"ty":"sh","bm":0,"hd":false,"nm":"","d":1,"ks":{"a":0,"k":{"c":true,"i":[[0,0],[0,0],[0,0],[0,0]],"o":[[0,0],[0,0],[0,0],[0,0]],"v":[[39,0],[39,52],[0,52],[0,0]]}}},{"ty":"fl","bm":0,"hd":false,"nm":"","c":{"a":0,"k":[1,1,1]},"r":1,"o":{"a":0,"k":0}}],"ind":2}]},{"nm":"[Asset] Group","id":"5","layers":[{"ty":4,"nm":"Vector","sr":1,"st":0,"op":217.78,"ip":0,"hd":false,"ddd":0,"bm":0,"hasMask":false,"ao":0,"ks":{"a":{"a":0,"k":[7.42,25.89]},"s":{"a":0,"k":[100,100]},"sk":{"a":0,"k":0},"p":{"a":0,"k":[30.12,25.89]},"r":{"a":0,"k":0},"sa":{"a":0,"k":0},"o":{"a":1,"k":[{"o":{"x":0.65,"y":0},"i":{"x":0.35,"y":0},"s":[0],"t":0},{"o":{"x":0.65,"y":0},"i":{"x":0.35,"y":0},"s":[0],"t":48},{"o":{"x":0.65,"y":0},"i":{"x":0.35,"y":0},"s":[0],"t":60},{"o":{"x":0.65,"y":0},"i":{"x":0.35,"y":0},"s":[0],"t":72},{"o":{"x":0.65,"y":0},"i":{"x":0.35,"y":0},"s":[0],"t":84},{"o":{"x":0.65,"y":0},"i":{"x":0.35,"y":0},"s":[100],"t":96},{"o":{"x":0.65,"y":0},"i":{"x":0.35,"y":0},"s":[0],"t":108},{"o":{"x":0.65,"y":0},"i":{"x":0.35,"y":0},"s":[0],"t":120},{"o":{"x":0.65,"y":0},"i":{"x":0.35,"y":0},"s":[0],"t":132},{"o":{"x":0.65,"y":0},"i":{"x":0.35,"y":0},"s":[0],"t":144},{"o":{"x":0.65,"y":0},"i":{"x":0.35,"y":0},"s":[0],"t":145},{"o":{"x":0.65,"y":0},"i":{"x":0.35,"y":0},"s":[100],"t":157},{"o":{"x":0.65,"y":0},"i":{"x":0.35,"y":0},"s":[0],"t":169},{"o":{"x":0.65,"y":0},"i":{"x":0.35,"y":0},"s":[0],"t":181},{"o":{"x":0.65,"y":0},"i":{"x":0.35,"y":0},"s":[0],"t":193},{"o":{"x":0.65,"y":0},"i":{"x":0.35,"y":0},"s":[0],"t":205},{"s":[100],"t":217}]}},"shapes":[{"ty":"sh","bm":0,"hd":false,"nm":"","d":1,"ks":{"a":0,"k":{"c":true,"i":[[0,0],[0.49,0.09],[0.46,-0.19],[0.27,-0.42],[0,-0.5],[-0.13,-0.3],[-0.24,-0.23],[-1.55,-3.7],[-0.02,-4.01],[1.52,-3.71],[2.83,-2.85],[-0.01,-0.66],[-0.47,-0.47],[-0.66,0],[-0.47,0.47],[-1.15,1.56],[-0.74,1.54],[1.19,7.47],[5.37,5.32]],"o":[[-0.35,-0.35],[-0.49,-0.09],[-0.46,0.19],[-0.27,0.42],[0,0.33],[0.13,0.3],[2.85,2.82],[1.55,3.7],[0.02,4.01],[-1.52,3.71],[-0.46,0.48],[0.01,0.66],[0.47,0.47],[0.66,0],[1.34,-1.4],[1.03,-1.36],[3.44,-6.73],[-1.19,-7.47],[0,0]],"v":[[4.29,0.73],[2.99,0.05],[1.54,0.2],[0.42,1.13],[0,2.53],[0.2,3.49],[0.75,4.31],[7.42,14.19],[9.81,25.87],[7.53,37.58],[0.94,47.51],[0.23,49.29],[0.97,51.06],[2.74,51.79],[4.51,51.06],[8.26,46.62],[10.93,42.25],[14.39,20.41],[4.29,0.73]]}}},{"ty":"fl","bm":0,"hd":false,"nm":"","c":{"a":0,"k":[0.9765,0.3059,0.3059]},"r":1,"o":{"a":0,"k":100}}],"ind":1},{"ty":4,"nm":"Vector","sr":1,"st":0,"op":217.78,"ip":0,"hd":false,"ddd":0,"bm":0,"hasMask":false,"ao":0,"ks":{"a":{"a":0,"k":[5.96,18.94]},"s":{"a":0,"k":[100,100]},"sk":{"a":0,"k":0},"p":{"a":0,"k":[21.78,25.93]},"r":{"a":0,"k":0},"sa":{"a":0,"k":0},"o":{"a":1,"k":[{"o":{"x":0.65,"y":0},"i":{"x":0.35,"y":0},"s":[0],"t":0},{"o":{"x":0.65,"y":0},"i":{"x":0.35,"y":0},"s":[0],"t":48},{"o":{"x":0.65,"y":0},"i":{"x":0.35,"y":0},"s":[0],"t":60},{"o":{"x":0.65,"y":0},"i":{"x":0.35,"y":0},"s":[0],"t":72},{"o":{"x":0.65,"y":0},"i":{"x":0.35,"y":0},"s":[100],"t":84},{"o":{"x":0.65,"y":0},"i":{"x":0.35,"y":0},"s":[100],"t":96},{"o":{"x":0.65,"y":0},"i":{"x":0.35,"y":0},"s":[0],"t":108},{"o":{"x":0.65,"y":0},"i":{"x":0.35,"y":0},"s":[0],"t":120},{"o":{"x":0.65,"y":0},"i":{"x":0.35,"y":0},"s":[0],"t":132},{"o":{"x":0.65,"y":0},"i":{"x":0.35,"y":0},"s":[100],"t":144},{"o":{"x":0.65,"y":0},"i":{"x":0.35,"y":0},"s":[100],"t":145},{"o":{"x":0.65,"y":0},"i":{"x":0.35,"y":0},"s":[100],"t":157},{"o":{"x":0.65,"y":0},"i":{"x":0.35,"y":0},"s":[0],"t":169},{"o":{"x":0.65,"y":0},"i":{"x":0.35,"y":0},"s":[0],"t":181},{"o":{"x":0.65,"y":0},"i":{"x":0.35,"y":0},"s":[0],"t":193},{"o":{"x":0.65,"y":0},"i":{"x":0.35,"y":0},"s":[100],"t":205},{"s":[100],"t":217}]}},"shapes":[{"ty":"sh","bm":0,"hd":false,"nm":"","d":1,"ks":{"a":0,"k":{"c":true,"i":[[0,0],[0.67,0],[0.47,-0.47],[0,-0.67],[-0.47,-0.47],[-1.05,-2.51],[-0.01,-2.72],[1.03,-2.52],[1.91,-1.93],[0,-0.67],[-0.47,-0.47],[-0.67,0],[-0.47,0.47],[0.03,6.83],[4.85,4.81]],"o":[[-0.47,-0.47],[-0.67,0],[-0.47,0.47],[0,0.67],[1.93,1.91],[1.05,2.51],[0.01,2.72],[-1.03,2.52],[-0.47,0.47],[0,0.67],[0.47,0.47],[0.67,0],[4.8,-4.85],[-0.03,-6.83],[0,0]],"v":[[4.29,0.73],[2.51,0],[0.73,0.75],[0,2.53],[0.75,4.31],[5.27,11],[6.89,18.92],[5.35,26.86],[0.89,33.6],[0.16,35.38],[0.91,37.16],[2.69,37.89],[4.47,37.14],[11.92,18.9],[4.29,0.73]]}}},{"ty":"fl","bm":0,"hd":false,"nm":"","c":{"a":0,"k":[0.9765,0.3059,0.3059]},"r":1,"o":{"a":0,"k":100}}],"ind":2},{"ty":4,"nm":"Vector","sr":1,"st":0,"op":217.78,"ip":0,"hd":false,"ddd":0,"bm":0,"hasMask":false,"ao":0,"ks":{"a":{"a":0,"k":[4.69,12.83]},"s":{"a":0,"k":[100,100]},"sk":{"a":0,"k":0},"p":{"a":0,"k":[14.39,25.93]},"r":{"a":0,"k":0},"sa":{"a":0,"k":0},"o":{"a":1,"k":[{"o":{"x":0.65,"y":0},"i":{"x":0.35,"y":0},"s":[0],"t":0},{"o":{"x":0.65,"y":0},"i":{"x":0.35,"y":0},"s":[0],"t":48},{"o":{"x":0.65,"y":0},"i":{"x":0.35,"y":0},"s":[0],"t":60},{"o":{"x":0.65,"y":0},"i":{"x":0.35,"y":0},"s":[100],"t":72},{"o":{"x":0.65,"y":0},"i":{"x":0.35,"y":0},"s":[100],"t":84},{"o":{"x":0.65,"y":0},"i":{"x":0.35,"y":0},"s":[100],"t":96},{"o":{"x":0.65,"y":0},"i":{"x":0.35,"y":0},"s":[0],"t":108},{"o":{"x":0.65,"y":0},"i":{"x":0.35,"y":0},"s":[0],"t":120},{"o":{"x":0.65,"y":0},"i":{"x":0.35,"y":0},"s":[100],"t":132},{"o":{"x":0.65,"y":0},"i":{"x":0.35,"y":0},"s":[100],"t":144},{"o":{"x":0.65,"y":0},"i":{"x":0.35,"y":0},"s":[100],"t":145},{"o":{"x":0.65,"y":0},"i":{"x":0.35,"y":0},"s":[100],"t":157},{"o":{"x":0.65,"y":0},"i":{"x":0.35,"y":0},"s":[0],"t":169},{"o":{"x":0.65,"y":0},"i":{"x":0.35,"y":0},"s":[0],"t":181},{"o":{"x":0.65,"y":0},"i":{"x":0.35,"y":0},"s":[100],"t":193},{"o":{"x":0.65,"y":0},"i":{"x":0.35,"y":0},"s":[100],"t":205},{"s":[100],"t":217}]}},"shapes":[{"ty":"sh","bm":0,"hd":false,"nm":"","d":1,"ks":{"a":0,"k":{"c":true,"i":[[0,0],[0.66,0],[0,0],[0.41,-0.28],[0.19,-0.46],[-0.1,-0.49],[-0.35,-0.35],[-0.02,-3.2],[2.24,-2.28],[0.13,-0.31],[0,-0.33],[-0.13,-0.31],[-0.24,-0.23],[-0.31,-0.12],[-0.33,0],[-0.31,0.13],[-0.23,0.24],[0.04,4.53],[3.23,3.18],[0,0]],"o":[[-0.47,-0.46],[0,0],[-0.5,0],[-0.41,0.28],[-0.19,0.46],[0.1,0.49],[2.28,2.24],[0.02,3.2],[-0.24,0.23],[-0.13,0.31],[0,0.33],[0.13,0.31],[0.24,0.23],[0.31,0.12],[0.33,0],[0.31,-0.13],[3.18,-3.23],[-0.04,-4.53],[0,0],[0,0]],"v":[[4.28,0.72],[2.52,0],[2.5,0],[1.1,0.43],[0.18,1.57],[0.05,3.03],[0.75,4.31],[4.35,12.81],[0.88,21.37],[0.34,22.19],[0.14,23.16],[0.34,24.12],[0.9,24.94],[1.72,25.48],[2.69,25.67],[3.66,25.46],[4.47,24.9],[9.38,12.77],[4.28,0.72],[4.28,0.72]]}}},{"ty":"fl","bm":0,"hd":false,"nm":"","c":{"a":0,"k":[0.9765,0.3059,0.3059]},"r":1,"o":{"a":0,"k":100}}],"ind":3},{"ty":4,"nm":"Vector","sr":1,"st":0,"op":217.78,"ip":0,"hd":false,"ddd":0,"bm":0,"hasMask":false,"ao":0,"ks":{"a":{"a":0,"k":[5,5]},"s":{"a":0,"k":[100,100]},"sk":{"a":0,"k":0},"p":{"a":0,"k":[5,25.84]},"r":{"a":0,"k":0},"sa":{"a":0,"k":0},"o":{"a":1,"k":[{"o":{"x":0.65,"y":0},"i":{"x":0.35,"y":0},"s":[0],"t":0},{"o":{"x":0.65,"y":0},"i":{"x":0.35,"y":0},"s":[0],"t":48},{"o":{"x":0.65,"y":0},"i":{"x":0.35,"y":0},"s":[100],"t":60},{"o":{"x":0.65,"y":0},"i":{"x":0.35,"y":0},"s":[100],"t":72},{"o":{"x":0.65,"y":0},"i":{"x":0.35,"y":0},"s":[100],"t":84},{"o":{"x":0.65,"y":0},"i":{"x":0.35,"y":0},"s":[100],"t":96},{"o":{"x":0.65,"y":0},"i":{"x":0.35,"y":0},"s":[0],"t":108},{"o":{"x":0.65,"y":0},"i":{"x":0.35,"y":0},"s":[100],"t":120},{"o":{"x":0.65,"y":0},"i":{"x":0.35,"y":0},"s":[100],"t":132},{"o":{"x":0.65,"y":0},"i":{"x":0.35,"y":0},"s":[100],"t":144},{"o":{"x":0.65,"y":0},"i":{"x":0.35,"y":0},"s":[100],"t":145},{"o":{"x":0.65,"y":0},"i":{"x":0.35,"y":0},"s":[100],"t":157},{"o":{"x":0.65,"y":0},"i":{"x":0.35,"y":0},"s":[0],"t":169},{"o":{"x":0.65,"y":0},"i":{"x":0.35,"y":0},"s":[100],"t":181},{"o":{"x":0.65,"y":0},"i":{"x":0.35,"y":0},"s":[100],"t":193},{"o":{"x":0.65,"y":0},"i":{"x":0.35,"y":0},"s":[100],"t":205},{"s":[100],"t":217}]}},"shapes":[{"ty":"sh","bm":0,"hd":false,"nm":"","d":1,"ks":{"a":0,"k":{"c":true,"i":[[0,0],[0.82,-0.55],[0.38,-0.91],[-0.19,-0.97],[-0.7,-0.7],[-0.97,-0.19],[-0.91,0.38],[-0.55,0.82],[0,0.99],[0.94,0.94],[1.32,0]],"o":[[-0.99,0],[-0.82,0.55],[-0.38,0.91],[0.19,0.97],[0.7,0.7],[0.97,0.19],[0.91,-0.38],[0.55,-0.82],[0,-1.32],[-0.94,-0.94],[0,0]],"v":[[5,0],[2.22,0.84],[0.38,3.09],[0.1,5.97],[1.46,8.54],[4.03,9.9],[6.92,9.62],[9.16,7.78],[10,5],[8.53,1.46],[5,0]]}}},{"ty":"fl","bm":0,"hd":false,"nm":"","c":{"a":0,"k":[0.9765,0.3059,0.3059]},"r":1,"o":{"a":0,"k":100}}],"ind":4}]},{"nm":"[Asset] head","id":"6","layers":[{"ty":0,"nm":"Group","sr":1,"st":0,"op":217.78,"ip":0,"hd":false,"ddd":0,"bm":0,"hasMask":false,"ao":0,"ks":{"a":{"a":0,"k":[55.26,74.59]},"s":{"a":0,"k":[100,-100]},"sk":{"a":0,"k":0},"p":{"a":0,"k":[55.17,74.56]},"r":{"a":0,"k":180},"sa":{"a":0,"k":0},"o":{"a":1,"k":[{"o":{"x":0.65,"y":0},"i":{"x":0.35,"y":0},"s":[0],"t":0},{"o":{"x":0.65,"y":0},"i":{"x":0.35,"y":0},"s":[100],"t":48},{"o":{"x":0.65,"y":0},"i":{"x":0.35,"y":0},"s":[100],"t":60},{"o":{"x":0.65,"y":0},"i":{"x":0.35,"y":0},"s":[100],"t":72},{"o":{"x":0.65,"y":0},"i":{"x":0.35,"y":0},"s":[100],"t":84},{"o":{"x":0.65,"y":0},"i":{"x":0.35,"y":0},"s":[100],"t":96},{"o":{"x":0.65,"y":0},"i":{"x":0.35,"y":0},"s":[100],"t":108},{"o":{"x":0.65,"y":0},"i":{"x":0.35,"y":0},"s":[100],"t":120},{"o":{"x":0.65,"y":0},"i":{"x":0.35,"y":0},"s":[100],"t":132},{"o":{"x":0.65,"y":0},"i":{"x":0.35,"y":0},"s":[100],"t":144},{"o":{"x":0.65,"y":0},"i":{"x":0.35,"y":0},"s":[100],"t":145},{"o":{"x":0.65,"y":0},"i":{"x":0.35,"y":0},"s":[100],"t":157},{"o":{"x":0.65,"y":0},"i":{"x":0.35,"y":0},"s":[100],"t":169},{"o":{"x":0.65,"y":0},"i":{"x":0.35,"y":0},"s":[100],"t":181},{"o":{"x":0.65,"y":0},"i":{"x":0.35,"y":0},"s":[100],"t":193},{"o":{"x":0.65,"y":0},"i":{"x":0.35,"y":0},"s":[100],"t":205},{"s":[100],"t":217}]}},"w":275,"h":180,"refId":"7","ind":1},{"ty":4,"nm":"head Bg","sr":1,"st":0,"op":217.78,"ip":0,"hd":false,"ddd":0,"bm":0,"hasMask":false,"ao":0,"ks":{"a":{"a":0,"k":[55.5,74.5]},"s":{"a":0,"k":[100,100]},"sk":{"a":0,"k":0},"p":{"a":0,"k":[55.5,74.5]},"r":{"a":0,"k":0},"sa":{"a":0,"k":0},"o":{"a":0,"k":100}},"shapes":[{"ty":"sh","bm":0,"hd":false,"nm":"","d":1,"ks":{"a":0,"k":{"c":true,"i":[[0,0],[0,0],[0,0],[0,0]],"o":[[0,0],[0,0],[0,0],[0,0]],"v":[[111,0],[111,149],[0,149],[0,0]]}}},{"ty":"fl","bm":0,"hd":false,"nm":"","c":{"a":0,"k":[1,1,1]},"r":1,"o":{"a":0,"k":0}}],"ind":2}]},{"nm":"[Asset] Group","id":"7","layers":[{"ty":0,"nm":"Clip path group","sr":1,"st":0,"op":217.78,"ip":0,"hd":false,"ddd":0,"bm":0,"hasMask":false,"ao":0,"ks":{"a":{"a":0,"k":[55.26,74.59]},"s":{"a":0,"k":[100,-100]},"sk":{"a":0,"k":0},"p":{"a":0,"k":[55.26,74.59]},"r":{"a":0,"k":0},"sa":{"a":0,"k":0},"o":{"a":0,"k":100}},"w":275,"h":180,"refId":"8","ind":1}]},{"nm":"[Asset] Clip path group","id":"8","layers":[{"ty":0,"nm":"Group","sr":1,"st":0,"op":217.78,"ip":0,"hd":false,"ddd":0,"bm":0,"hasMask":false,"ao":0,"ks":{"a":{"a":0,"k":[55.26,74.59]},"s":{"a":0,"k":[100,100]},"sk":{"a":0,"k":0},"p":{"a":0,"k":[55.26,74.59]},"r":{"a":0,"k":0},"sa":{"a":0,"k":0},"o":{"a":0,"k":100}},"w":275,"h":180,"refId":"9","ind":1}]},{"nm":"[Asset] Group","id":"9","layers":[{"ty":4,"nm":"Vector","sr":1,"st":0,"op":217.78,"ip":0,"hd":false,"ddd":0,"bm":0,"hasMask":false,"ao":0,"ks":{"a":{"a":0,"k":[38.85,8.47]},"s":{"a":0,"k":[100,100]},"sk":{"a":0,"k":0},"p":{"a":0,"k":[52.3,8.47]},"r":{"a":0,"k":0},"sa":{"a":0,"k":0},"o":{"a":0,"k":100}},"shapes":[{"ty":"sh","bm":0,"hd":false,"nm":"","d":1,"ks":{"a":0,"k":{"c":false,"i":[[0,0],[0,0],[0,2.41],[0,0],[-2.17,0],[0,0],[0,-2.18],[7.15,0],[0,0]],"o":[[0,0],[-2.4,0],[0,0],[0,-2.18],[0,0],[2.17,0],[0,7.17],[0,0],[0,0]],"v":[[19.21,16.93],[4.35,16.93],[0,12.56],[0,3.95],[3.94,0],[73.76,0],[77.69,3.95],[64.75,16.93],[30.64,16.93]]}}}],"ind":1},{"ty":4,"nm":"Vector","sr":1,"st":0,"op":217.78,"ip":0,"hd":false,"ddd":0,"bm":0,"hasMask":false,"ao":0,"ks":{"a":{"a":0,"k":[0,13.49]},"s":{"a":0,"k":[100,100]},"sk":{"a":0,"k":0},"p":{"a":0,"k":[23.74,30.42]},"r":{"a":0,"k":0},"sa":{"a":0,"k":0},"o":{"a":0,"k":100}},"shapes":[{"ty":"sh","bm":0,"hd":false,"nm":"","d":1,"ks":{"a":0,"k":{"c":true,"i":[[0,0],[0,0]],"o":[[0,0],[0,0]],"v":[[0,26.98],[0,0]]}}}],"ind":2},{"ty":4,"nm":"Vector","sr":1,"st":0,"op":217.78,"ip":0,"hd":false,"ddd":0,"bm":0,"hasMask":false,"ao":0,"ks":{"a":{"a":0,"k":[20.33,54.25]},"s":{"a":0,"k":[100,100]},"sk":{"a":0,"k":0},"p":{"a":0,"k":[90.18,71.18]},"r":{"a":0,"k":0},"sa":{"a":0,"k":0},"o":{"a":0,"k":100}},"shapes":[{"ty":"sh","bm":0,"hd":false,"nm":"","d":1,"ks":{"a":0,"k":{"c":false,"i":[[0,0],[0,0],[-4.72,0],[0,0],[0,-5.35],[0,0],[-3.17,0.03],[1.81,-3.82],[0,0],[0.01,-0.83],[0,0],[6.32,-8.31]],"o":[[0,0],[0,4.74],[0,0],[5.33,-0.01],[0,0],[0,3.18],[4.21,-0.04],[0,0],[-0.35,0.75],[0,0],[0,11.21],[0,0]],"v":[[0,0],[0,6.15],[8.56,14.73],[19.49,14.72],[29.16,24.4],[29.16,40.53],[34.91,46.24],[40.11,54.42],[34.14,67],[33.58,69.38],[33.47,78.59],[23.4,108.49]]}}}],"ind":3},{"ty":4,"nm":"Vector","sr":1,"st":0,"op":217.78,"ip":0,"hd":false,"ddd":0,"bm":0,"hasMask":false,"ao":0,"ks":{"a":{"a":0,"k":[50.94,52.63]},"s":{"a":0,"k":[100,100]},"sk":{"a":0,"k":0},"p":{"a":0,"k":[50.94,96.54]},"r":{"a":0,"k":0},"sa":{"a":0,"k":0},"o":{"a":0,"k":100}},"shapes":[{"ty":"sh","bm":0,"hd":false,"nm":"","d":1,"ks":{"a":0,"k":{"c":true,"i":[[0,0],[0,23.21],[0,0],[-0.03,-0.02],[0,-6.54],[3.36,-2.73],[0,-2.79],[-4.9,0],[0,0],[-0.01,-5.56],[0,0],[-5.54,0],[0,0],[0,-14.78],[2.22,0],[0,0]],"o":[[-23.13,0],[0,0],[0,-31.16],[5.81,2.96],[0,4.34],[-2.01,1.63],[0,4.91],[0,0],[5.54,0],[0,0],[0.01,5.56],[0,0],[14.73,0],[0,2.22],[0,0],[0,0]],"v":[[41.89,105.26],[0,63.23],[0,42.31],[23.74,0],[36.54,15.31],[31.11,26.39],[27.82,33.31],[36.68,42.2],[44.98,42.2],[55.03,52.26],[55.06,64.42],[65.11,74.48],[75.22,74.48],[101.89,101.24],[97.88,105.26],[41.89,105.26]]}}}],"ind":4},{"ty":4,"nm":"Vector","sr":1,"st":0,"op":217.78,"ip":0,"hd":false,"ddd":0,"bm":0,"hasMask":false,"ao":0,"ks":{"a":{"a":0,"k":[7.66,2]},"s":{"a":0,"k":[100,100]},"sk":{"a":0,"k":0},"p":{"a":0,"k":[88.34,52.51]},"r":{"a":0,"k":0},"sa":{"a":0,"k":0},"o":{"a":0,"k":100}},"shapes":[{"ty":"sh","bm":0,"hd":false,"nm":"","d":1,"ks":{"a":0,"k":{"c":false,"i":[[0,0],[0,0],[2.15,-1.5],[0,0]],"o":[[0,0],[-2.62,0],[0,0],[0,0]],"v":[[15.31,0],[9.75,0],[2.43,2.3],[0,4]]}}},{"ty":"st","bm":0,"hd":false,"nm":"","lc":2,"lj":2,"ml":10,"o":{"a":0,"k":100},"w":{"a":1,"k":[{"o":{"x":0.65,"y":0},"i":{"x":0.35,"y":0},"s":[3],"t":0},{"o":{"x":0.65,"y":0},"i":{"x":0.35,"y":0},"s":[3],"t":48},{"o":{"x":0.65,"y":0},"i":{"x":0.35,"y":0},"s":[3],"t":60},{"o":{"x":0.65,"y":0},"i":{"x":0.35,"y":0},"s":[3],"t":72},{"o":{"x":0.65,"y":0},"i":{"x":0.35,"y":0},"s":[3],"t":84},{"o":{"x":0.65,"y":0},"i":{"x":0.35,"y":0},"s":[3],"t":96},{"o":{"x":0.65,"y":0},"i":{"x":0.35,"y":0},"s":[3],"t":108},{"o":{"x":0.65,"y":0},"i":{"x":0.35,"y":0},"s":[3],"t":120},{"o":{"x":0.65,"y":0},"i":{"x":0.35,"y":0},"s":[3],"t":132},{"o":{"x":0.65,"y":0},"i":{"x":0.35,"y":0},"s":[3],"t":144},{"o":{"x":0.65,"y":0},"i":{"x":0.35,"y":0},"s":[3],"t":145},{"o":{"x":0.65,"y":0},"i":{"x":0.35,"y":0},"s":[3],"t":157},{"o":{"x":0.65,"y":0},"i":{"x":0.35,"y":0},"s":[3],"t":169},{"o":{"x":0.65,"y":0},"i":{"x":0.35,"y":0},"s":[3],"t":181},{"o":{"x":0.65,"y":0},"i":{"x":0.35,"y":0},"s":[3],"t":193},{"o":{"x":0.65,"y":0},"i":{"x":0.35,"y":0},"s":[3],"t":205},{"s":[3],"t":217}]},"c":{"a":0,"k":[0.6779,0.4579,0.238]}}],"ind":5},{"ty":4,"nm":"Vector","sr":1,"st":0,"op":217.78,"ip":0,"hd":false,"ddd":0,"bm":0,"hasMask":false,"ao":0,"ks":{"a":{"a":0,"k":[7.55,3.79]},"s":{"a":0,"k":[100,100]},"sk":{"a":0,"k":0},"p":{"a":0,"k":[82.46,90.03]},"r":{"a":0,"k":0},"sa":{"a":0,"k":0},"o":{"a":0,"k":100}},"shapes":[{"ty":"sh","bm":0,"hd":false,"nm":"","d":1,"ks":{"a":0,"k":{"c":false,"i":[[0,0],[-4.17,0],[0,4.18]],"o":[[0,4.18],[4.17,0],[0,0]],"v":[[0,0],[7.55,7.58],[15.1,0]]}}},{"ty":"st","bm":0,"hd":false,"nm":"","lc":2,"lj":2,"ml":10,"o":{"a":0,"k":100},"w":{"a":1,"k":[{"o":{"x":0.65,"y":0},"i":{"x":0.35,"y":0},"s":[3],"t":0},{"o":{"x":0.65,"y":0},"i":{"x":0.35,"y":0},"s":[3],"t":48},{"o":{"x":0.65,"y":0},"i":{"x":0.35,"y":0},"s":[3],"t":60},{"o":{"x":0.65,"y":0},"i":{"x":0.35,"y":0},"s":[3],"t":72},{"o":{"x":0.65,"y":0},"i":{"x":0.35,"y":0},"s":[3],"t":84},{"o":{"x":0.65,"y":0},"i":{"x":0.35,"y":0},"s":[3],"t":96},{"o":{"x":0.65,"y":0},"i":{"x":0.35,"y":0},"s":[3],"t":108},{"o":{"x":0.65,"y":0},"i":{"x":0.35,"y":0},"s":[3],"t":120},{"o":{"x":0.65,"y":0},"i":{"x":0.35,"y":0},"s":[3],"t":132},{"o":{"x":0.65,"y":0},"i":{"x":0.35,"y":0},"s":[3],"t":144},{"o":{"x":0.65,"y":0},"i":{"x":0.35,"y":0},"s":[3],"t":145},{"o":{"x":0.65,"y":0},"i":{"x":0.35,"y":0},"s":[3],"t":157},{"o":{"x":0.65,"y":0},"i":{"x":0.35,"y":0},"s":[3],"t":169},{"o":{"x":0.65,"y":0},"i":{"x":0.35,"y":0},"s":[3],"t":181},{"o":{"x":0.65,"y":0},"i":{"x":0.35,"y":0},"s":[3],"t":193},{"o":{"x":0.65,"y":0},"i":{"x":0.35,"y":0},"s":[3],"t":205},{"s":[3],"t":217}]},"c":{"a":0,"k":[0.6587,0.6587,0.6587]}}],"ind":6},{"ty":4,"nm":"Vector","sr":1,"st":0,"op":217.78,"ip":0,"hd":false,"ddd":0,"bm":0,"hasMask":false,"ao":0,"ks":{"a":{"a":0,"k":[9.45,14.82]},"s":{"a":0,"k":[100,100]},"sk":{"a":0,"k":0},"p":{"a":0,"k":[92.43,134.36]},"r":{"a":0,"k":0},"sa":{"a":0,"k":0},"o":{"a":0,"k":100}},"shapes":[{"ty":"sh","bm":0,"hd":false,"nm":"","d":1,"ks":{"a":0,"k":{"c":true,"i":[[0,0],[0,0],[0,0],[3.72,1.84],[0,-12.07],[2.22,0]],"o":[[0,0],[0,0],[0,-4.44],[10.94,3.33],[0,2.22],[0,0]],"v":[[14.9,29.63],[6.27,29.63],[6.27,10.11],[0,0],[18.91,25.6],[14.9,29.63]]}}},{"ty":"fl","bm":0,"hd":false,"nm":"","c":{"a":0,"k":[1,0.6589,0.0706]},"r":1,"o":{"a":0,"k":100}}],"ind":7},{"ty":4,"nm":"Vector","sr":1,"st":0,"op":217.78,"ip":0,"hd":false,"ddd":0,"bm":0,"hasMask":false,"ao":0,"ks":{"a":{"a":0,"k":[50.94,52.63]},"s":{"a":0,"k":[100,100]},"sk":{"a":0,"k":0},"p":{"a":0,"k":[50.94,96.54]},"r":{"a":0,"k":0},"sa":{"a":0,"k":0},"o":{"a":0,"k":100}},"shapes":[{"ty":"sh","bm":0,"hd":false,"nm":"","d":1,"ks":{"a":0,"k":{"c":true,"i":[[0,0],[0,23.21],[0,0],[-0.03,-0.02],[0,-6.54],[3.36,-2.73],[0,-2.79],[-4.9,0],[0,0],[-0.01,-5.56],[0,0],[-5.54,0],[0,0],[0,-14.78],[2.22,0],[0,0]],"o":[[-23.13,0],[0,0],[0,-31.16],[5.81,2.96],[0,4.34],[-2.01,1.63],[0,4.91],[0,0],[5.54,0],[0,0],[0.01,5.56],[0,0],[14.73,0],[0,2.22],[0,0],[0,0]],"v":[[41.89,105.26],[0,63.23],[0,42.31],[23.74,0],[36.54,15.31],[31.11,26.39],[27.82,33.31],[36.68,42.2],[44.98,42.2],[55.03,52.26],[55.06,64.42],[65.11,74.48],[75.22,74.48],[101.89,101.24],[97.88,105.26],[41.89,105.26]]}}},{"ty":"fl","bm":0,"hd":false,"nm":"","c":{"a":0,"k":[1,0.7608,0.3961]},"r":1,"o":{"a":0,"k":100}}],"ind":8},{"ty":4,"nm":"Vector","sr":1,"st":0,"op":217.78,"ip":0,"hd":false,"ddd":0,"bm":0,"hasMask":false,"ao":0,"ks":{"a":{"a":0,"k":[38.85,8.47]},"s":{"a":0,"k":[100,100]},"sk":{"a":0,"k":0},"p":{"a":0,"k":[52.3,8.47]},"r":{"a":0,"k":0},"sa":{"a":0,"k":0},"o":{"a":0,"k":100}},"shapes":[{"ty":"sh","bm":0,"hd":false,"nm":"","d":1,"ks":{"a":0,"k":{"c":true,"i":[[0,0],[0,0],[0,2.41],[0,0],[-2.17,0],[0,0],[0,-2.18],[7.15,0]],"o":[[0,0],[-2.4,0],[0,0],[0,-2.18],[0,0],[2.17,0],[0,7.17],[0,0]],"v":[[64.75,16.93],[4.35,16.93],[0,12.56],[0,3.95],[3.94,0],[73.76,0],[77.69,3.95],[64.75,16.93]]}}},{"ty":"fl","bm":0,"hd":false,"nm":"","c":{"a":0,"k":[1,0.3922,0.4353]},"r":1,"o":{"a":0,"k":100}}],"ind":9},{"ty":4,"nm":"Vector","sr":1,"st":0,"op":217.78,"ip":0,"hd":false,"ddd":0,"bm":0,"hasMask":false,"ao":0,"ks":{"a":{"a":0,"k":[26.56,63.8]},"s":{"a":0,"k":[100,100]},"sk":{"a":0,"k":0},"p":{"a":0,"k":[83.95,75.5]},"r":{"a":0,"k":0},"sa":{"a":0,"k":0},"o":{"a":0,"k":100}},"shapes":[{"ty":"sh","bm":0,"hd":false,"nm":"","d":1,"ks":{"a":0,"k":{"c":true,"i":[[0,0],[0,0],[0.01,-0.83],[0,0],[15.8,-8.12],[0,13.44],[0,16],[0,0],[5.33,-0.01],[0,0],[0,4.74],[0,0],[0,0],[0,0],[-4.72,0],[0,0],[0,-5.35],[0,0],[-3.17,0.03],[1.81,-3.82]],"o":[[0,0],[-0.35,0.75],[0,0],[0,19.01],[8.74,-8.9],[0,-14.66],[0,0],[0,-5.35],[0,0],[-4.72,0],[0,0],[0,0],[0,0],[0,4.74],[0,0],[5.33,-0.01],[0,0],[0,3.18],[4.21,-0.04],[0,0]],"v":[[52.55,59.65],[46.58,72.23],[46.03,74.62],[45.91,83.82],[19.33,127.61],[33.47,92.99],[29.16,55.4],[29.15,38.8],[19.49,29.13],[8.56,29.14],[0,20.56],[0,0],[12.44,0],[12.44,11.38],[21,19.96],[31.94,19.95],[41.6,29.63],[41.6,45.76],[47.35,51.48],[52.55,59.65]]}}},{"ty":"fl","bm":0,"hd":false,"nm":"","c":{"a":0,"k":[1,0.8981,0.7608]},"r":1,"o":{"a":0,"k":100}}],"ind":10},{"ty":4,"nm":"Vector","sr":1,"st":0,"op":217.78,"ip":0,"hd":false,"ddd":0,"bm":0,"hasMask":false,"ao":0,"ks":{"a":{"a":0,"k":[51.96,66.43]},"s":{"a":0,"k":[100,100]},"sk":{"a":0,"k":0},"p":{"a":0,"k":[58.55,78.13]},"r":{"a":0,"k":0},"sa":{"a":0,"k":0},"o":{"a":0,"k":100}},"shapes":[{"ty":"sh","bm":0,"hd":false,"nm":"","d":1,"ks":{"a":0,"k":{"c":true,"i":[[0,0],[0.01,-0.83],[0,0],[26.73,-0.09],[0,26.86],[-8.43,8.73],[0,3.29],[0,0],[0,0],[0,0],[-4.72,0],[0,0],[0,-5.35],[0,0],[-3.17,0.03],[1.81,-3.82],[0,0]],"o":[[-0.35,0.75],[0,0],[0,26.82],[-26.79,0.09],[0,-13.11],[2.28,-2.36],[0,0],[0,0],[0,0],[0,4.74],[0,0],[5.33,-0.01],[0,0],[0,3.18],[4.21,-0.04],[0,0],[0,0]],"v":[[97.39,72.23],[96.83,74.62],[96.72,83.82],[48.53,132.87],[0,84.35],[13.61,50.6],[17.14,41.77],[17.14,0],[63.25,0],[63.25,11.38],[71.81,19.96],[82.74,19.95],[92.4,29.63],[92.41,45.76],[98.16,51.48],[103.36,59.65],[97.39,72.23]]}}},{"ty":"fl","bm":0,"hd":false,"nm":"","c":{"a":0,"k":[1,0.953,0.8706]},"r":1,"o":{"a":0,"k":100}}],"ind":11}]}]}