{"v":"5.5.2","fr":25,"ip":0,"op":75,"w":1920,"h":1080,"nm":"Comp 1","ddd":0,"assets":[],"layers":[{"ddd":0,"ind":1,"ty":4,"nm":"Layer 1","sr":1,"ks":{"o":{"a":1,"k":[{"i":{"x":[0.833],"y":[0.833]},"o":{"x":[0.167],"y":[0.167]},"t":0,"s":[100]},{"t":74,"s":[100]}],"ix":11},"r":{"a":1,"k":[{"i":{"x":[0.833],"y":[0.833]},"o":{"x":[0.167],"y":[0.167]},"t":0,"s":[0]},{"t":74,"s":[0]}],"ix":10},"p":{"a":1,"k":[{"i":{"x":0.667,"y":1},"o":{"x":0.333,"y":0},"t":0,"s":[1004.036,524.374,0],"to":[0,0,0],"ti":[0,0,0]},{"i":{"x":0.667,"y":1},"o":{"x":0.333,"y":0},"t":15,"s":[717.036,524.374,0],"to":[0,0,0],"ti":[0,0,0]},{"i":{"x":0.667,"y":1},"o":{"x":0.333,"y":0},"t":35,"s":[1004.036,524.374,0],"to":[0,0,0],"ti":[0,0,0]},{"i":{"x":0.667,"y":1},"o":{"x":0.333,"y":0},"t":55,"s":[1359.036,524.374,0],"to":[0,0,0],"ti":[0,0,0]},{"t":74,"s":[1004.036,524.374,0]}],"ix":2},"a":{"a":1,"k":[{"i":{"x":0.833,"y":0.833},"o":{"x":0.167,"y":0.167},"t":0,"s":[44.036,-15.626,0],"to":[0,0,0],"ti":[0,0,0]},{"t":74,"s":[44.036,-15.626,0]}],"ix":1},"s":{"a":1,"k":[{"i":{"x":[0.833,0.833,0.833],"y":[0.833,0.833,0.833]},"o":{"x":[0.167,0.167,0.167],"y":[0.167,0.167,0.167]},"t":0,"s":[100,100,100]},{"i":{"x":[0.833,0.833,0.833],"y":[0.833,0.833,0.833]},"o":{"x":[0.167,0.167,0.167],"y":[0.167,0.167,0.167]},"t":25,"s":[53.027,60,100]},{"t":74,"s":[100,100,100]}],"ix":6}},"ao":0,"shapes":[{"ty":"gr","it":[{"ind":0,"ty":"sh","ix":1,"ks":{"a":0,"k":{"i":[[0,15.783],[0,0],[0,0],[0,0],[0,0],[0,0],[0,0],[0,0],[0,0],[0,0],[-15.783,0],[0,0],[0,0],[0,0]],"o":[[0,0],[0,0],[0,0],[0,0],[0,0],[0,0],[0,0],[0,0],[0,0],[0,15.783],[0,0],[0,0],[0,0],[15.783,0]],"v":[[260.85,46.732],[260.85,-12.494],[222.035,-25.656],[222.035,36.861],[47,36.861],[41.072,36.861],[-133.963,36.861],[-133.963,-25.656],[-172.778,-12.494],[-172.778,46.732],[-143.834,75.676],[41.072,75.676],[47,75.676],[231.906,75.676]],"c":true},"ix":2},"nm":"Path 1","mn":"ADBE Vector Shape - Group","hd":false},{"ty":"fl","c":{"a":0,"k":[1,1,1,1],"ix":4},"o":{"a":0,"k":100,"ix":5},"r":1,"bm":0,"nm":"Fill 1","mn":"ADBE Vector Graphic - Fill","hd":false},{"ty":"tr","p":{"a":0,"k":[0,0],"ix":2},"a":{"a":0,"k":[0,0],"ix":1},"s":{"a":0,"k":[100,100],"ix":3},"r":{"a":0,"k":0,"ix":6},"o":{"a":0,"k":100,"ix":7},"sk":{"a":0,"k":0,"ix":4},"sa":{"a":0,"k":0,"ix":5},"nm":"Transform"}],"nm":"Group 1","np":2,"cix":2,"bm":0,"ix":1,"mn":"ADBE Vector Group","hd":false},{"ty":"gr","it":[{"ind":0,"ty":"sh","ix":1,"ks":{"a":0,"k":{"i":[[8.56,7.249],[3.29,2.622],[10.54,11.182],[0,31.567],[0,0],[7.249,1.979],[4.601,-19.742],[-8.56,-5.27],[0,0],[0,0],[0,0],[0,0],[0,0],[-2.622,-2.622],[-14.472,-10.54],[-13.161,-7.249],[-5.912,-5.27],[-3.958,-3.959],[-9.202,9.202],[0,0]],"o":[[-2.648,-2.648],[-13.83,-11.85],[-10.539,-11.181],[0,-31.592],[0,0],[-14.498,-3.959],[-5.27,22.364],[17.791,10.54],[0,0],[0,30.924],[0,0],[0,0],[-3.959,0],[7.892,7.891],[20.411,15.141],[13.161,7.223],[2.648,1.979],[9.202,9.202],[0,0],[8.534,-7.891]],"v":[[410.246,102.667],[401.686,95.418],[355.622,67.784],[350.995,-44.06],[336.522,-80.254],[235.832,-119.069],[198.97,-103.286],[215.421,-69.072],[288.48,-34.189],[288.48,64.52],[242.415,100.045],[242.413,100.685],[164.781,100.685],[161.491,107.934],[197.684,136.236],[256.91,170.45],[278.632,205.975],[289.171,215.846],[323.385,215.846],[410.914,130.969]],"c":true},"ix":2},"nm":"Path 1","mn":"ADBE Vector Shape - Group","hd":false},{"ty":"fl","c":{"a":0,"k":[1,1,1,1],"ix":4},"o":{"a":0,"k":100,"ix":5},"r":1,"bm":0,"nm":"Fill 1","mn":"ADBE Vector Graphic - Fill","hd":false},{"ty":"tr","p":{"a":0,"k":[0,0],"ix":2},"a":{"a":0,"k":[0,0],"ix":1},"s":{"a":0,"k":[100,100],"ix":3},"r":{"a":0,"k":0,"ix":6},"o":{"a":0,"k":100,"ix":7},"sk":{"a":0,"k":0,"ix":4},"sa":{"a":0,"k":0,"ix":5},"nm":"Transform"}],"nm":"Group 2","np":2,"cix":2,"bm":0,"ix":2,"mn":"ADBE Vector Group","hd":false},{"ty":"gr","it":[{"ind":0,"ty":"sh","ix":1,"ks":{"a":0,"k":{"i":[[0,0],[0,0],[0,0],[0,0],[0,0],[0,0],[0,0],[15.783,0],[0,0],[0,0],[0,0],[0,-15.783],[0,0],[0,0]],"o":[[0,0],[0,0],[0,0],[0,0],[0,0],[0,0],[0,-15.783],[0,0],[0,0],[0,0],[-15.783,0],[0,0],[0,0],[0,0]],"v":[[-133.963,-215.185],[41.072,-215.185],[47,-215.185],[222.035,-215.185],[222.035,-155.959],[260.85,-142.798],[260.85,-225.056],[231.906,-254],[47,-254],[41.072,-254],[-143.834,-254],[-172.778,-225.056],[-172.778,-142.798],[-133.963,-155.959]],"c":true},"ix":2},"nm":"Path 1","mn":"ADBE Vector Shape - Group","hd":false},{"ty":"fl","c":{"a":0,"k":[1,1,1,1],"ix":4},"o":{"a":0,"k":100,"ix":5},"r":1,"bm":0,"nm":"Fill 1","mn":"ADBE Vector Graphic - Fill","hd":false},{"ty":"tr","p":{"a":0,"k":[0,0],"ix":2},"a":{"a":0,"k":[0,0],"ix":1},"s":{"a":0,"k":[100,100],"ix":3},"r":{"a":0,"k":0,"ix":6},"o":{"a":0,"k":100,"ix":7},"sk":{"a":0,"k":0,"ix":4},"sa":{"a":0,"k":0,"ix":5},"nm":"Transform"}],"nm":"Group 3","np":2,"cix":2,"bm":0,"ix":3,"mn":"ADBE Vector Group","hd":false},{"ty":"gr","it":[{"ind":0,"ty":"sh","ix":1,"ks":{"a":0,"k":{"i":[[3.959,0],[0,0],[0,0],[0,30.924],[0,0],[-17.791,10.54],[5.27,22.364],[14.498,-3.959],[0,0],[0,-31.592],[10.539,-11.181],[13.83,-11.85],[2.648,-2.648],[-8.534,-7.891],[0,0],[-9.202,9.202],[-2.648,1.979],[-13.161,7.223],[-20.411,15.141],[-7.892,7.891]],"o":[[0,0],[0,0],[0,0],[0,0],[0,0],[8.56,-5.27],[-4.601,-19.742],[-7.249,1.979],[0,0],[0,31.567],[-10.54,11.182],[-3.29,2.622],[-8.56,7.249],[0,0],[9.202,9.202],[3.959,-3.959],[5.912,-5.27],[13.161,-7.249],[14.472,-10.54],[2.622,-2.622]],"v":[[-76.709,100.685],[-154.341,100.685],[-154.343,100.045],[-200.408,64.52],[-200.408,-34.189],[-127.349,-69.072],[-110.898,-103.286],[-147.76,-119.069],[-248.45,-80.254],[-262.923,-44.06],[-267.55,67.784],[-313.614,95.418],[-322.174,102.667],[-322.842,130.969],[-235.313,215.846],[-201.099,215.846],[-190.56,205.975],[-168.838,170.45],[-109.612,136.236],[-73.419,107.934]],"c":true},"ix":2},"nm":"Path 1","mn":"ADBE Vector Shape - Group","hd":false},{"ty":"fl","c":{"a":0,"k":[1,1,1,1],"ix":4},"o":{"a":0,"k":100,"ix":5},"r":1,"bm":0,"nm":"Fill 1","mn":"ADBE Vector Graphic - Fill","hd":false},{"ty":"tr","p":{"a":0,"k":[0,0],"ix":2},"a":{"a":0,"k":[0,0],"ix":1},"s":{"a":0,"k":[100,100],"ix":3},"r":{"a":0,"k":0,"ix":6},"o":{"a":0,"k":100,"ix":7},"sk":{"a":0,"k":0,"ix":4},"sa":{"a":0,"k":0,"ix":5},"nm":"Transform"}],"nm":"Group 4","np":2,"cix":2,"bm":0,"ix":4,"mn":"ADBE Vector Group","hd":false}],"ip":0,"op":75,"st":0,"bm":0}],"markers":[]}